:020000040800F2
:1000000000C00020A10E0008D9090008E10900087D
:10001000E9090008F1090008F909000800000000DA
:10002000000000000000000000000000010A0008BD
:100030000F0A0008000000001D0A00082D0A000831
:10004000F10E0008F10E0008F10E0008F10E000894
:10005000F10E0008F10E0008F10E0008F10E000884
:10006000F10E0008F10E0008F10E0008F10E000874
:10007000F10E0008F10E0008F10E0008F10E000864
:10008000F10E0008F10E0008F10E0008F10E000854
:10009000F10E0008F10E0008F10E0008F10E000844
:1000A000F10E0008F10E0008F10E0008F10E000834
:1000B000F10E00080000000000000000F10E000832
:1000C000F10E0008F10E0008F10E0008F10E000814
:1000D000F10E0008490A0008F10E00085D0A000848
:1000E000F10E0008F10E0008000000000000000002
:1000F0000000000000000000000000000000000000
:1001000000000000F10E000800000000F10E0008E1
:100110000000000000000000F10E0008F10E0008D1
:10012000F10E0008F10E0008F10E0008F10E0008B3
:10013000F10E0008000000000000000000000000B8
:10014000F10E0008F10E0008F10E0008F10E000893
:10015000F10E0008F10E0008F10E0008F10E000883
:10016000F10E0008F10E0008F10E0008000000007A
:10017000F10E0008F10E0008F10E0008000000006A
:0C018000F10E0008F10E0008F10E00085E
:1001900010B5054C237833B9044B13B10448AFF3C1
:1001A00000800123237010BDA80000200000000083
:1001B000D099000808B5034B1BB103490348AFF3BE
:1001C000008008BD00000000AC000020D0990008AD
:1001D000034613F8012B002AFBD1181A0138704787
:1001E00001F0FF01102A2BDB10F0070F08D010F8E8
:1001F000013B013A8B422DD010F0070F42B3F6D1EC
:10020000F0B441EA012141EA014122F007047FF004
:1002100000070023F0E80256083C85EA010586EA5B
:10022000010685FA47F5A3FA87F586FA47F6A5FA97
:1002300087F68EB9EED1F0BC01F0FF0102F00702A3
:1002400032B110F8013B013A83EA010313B1F8D14E
:100250000020704701387047002D06BF354603382F
:10026000073815F0010F07D1013015F4807F02BF68
:10027000013015F4C03F0130F0BC0138704700BFB9
:1002800053B94AB9002908BF00281CBF4FF0FF31FD
:100290004FF0FF3000F088B9ADF1080C6DE904CEE5
:1002A00000F006F8DDF804E0DDE9022304B0704751
:1002B0002DE9F047089D0F4604468C46002B48D197
:1002C0008A42164661D9B2FA82F34BB1C3F12002D9
:1002D00001FA03FC20FA02F29E4042EA0C0C9C4018
:1002E0004FEA164EB7B2BCFBFEF1220C0EFB11CC4E
:1002F00042EA0C4201FB07F0904209D9B21801F121
:10030000FF3C80F0EE80904240F2EB8002393244B4
:10031000121AA4B2B2FBFEF00EFB102244EA024411
:1003200000FB07F7A74209D9341900F1FF3280F02A
:10033000DA80A74240F2D7803444023840EA0140D4
:10034000E41B00211DB1DC400023C5E90043BDE8EA
:10035000F0878B4206D90DB1C5E90001002108469E
:10036000BDE8F087B3FA83F1002948D1BB4202D33C
:10037000824200F20781841A67EB0302012094464F
:10038000002DE4D0C5E9004CE1E7002A00F092809E
:10039000B2FA82F3002B40F0A8808A1A4FEA164E78
:1003A0001FFA86FC0121200CB2FBFEF70EFB172280
:1003B00040EA02420CFB07F0904207D9B21807F15D
:1003C000FF3802D2904200F2E2804746121AA4B2ED
:1003D000B2FBFEF00EFB102244EA02440CFB00FCD0
:1003E000A44507D9341900F1FF3202D2A44500F226
:1003F000CB801046A4EB0C0440EA0740A2E7C1F111
:1004000020068B4022FA06FC4CEA030C07FA01F4A2
:1004100020FA06F3F7404FEA1C49234300FA01F89B
:100420001FFA8CFEB7FBF9F01C0C09FB107744EAAD
:10043000074400FB0EF7A74202FA01F20AD91CEBAF
:10044000040400F1FF3A80F09B80A74240F29880BC
:1004500002386444E41B9FB2B4FBF9F309FB134474
:1004600047EA044403FB0EFEA64509D91CEB04042D
:1004700003F1FF3780F08280A6457FD9023B6444B8
:1004800043EA0040A4EB0E04A0FB02E7BC42734623
:10049000B94663D360D05DB1B8EB030264EB0904E5
:1004A00004FA06F622FA01F31E43CC40C5E90064C3
:1004B00000214CE76208480842EAC1710B0C43EA8C
:1004C00000438AB242EA0342B3FBF6F1E407B446C2
:1004D0003746B6461F23B0FBF6F0D21B41EA004177
:1004E00061E7614614E7104628E7C3F1200120FACE
:1004F00001F29E4027FA01F19F403A434FEA164E1F
:100500001FFA86FCB1FBFEF70EFB1710110C41EA37
:10051000004107FB0CF8884504FA03F43AD9711836
:1005200007F1FF3001D288451FD8A1EB0801B1FBCC
:10053000FEF808FB0CF70EFB181192B242EA0142DA
:10054000BA422FD2B21808F1FF31C6D2BA42C4D291
:10055000A8F102013244C0E7F0459CD2BEEB020391
:1005600067EB0C070138B94695E7A6EB080841444C
:10057000B81EB1FBFEF808FB0CF7DCE73B467FE753
:10058000504667E70846FBE63444023832E7023F4C
:1005900032441BE7A1EB08013846B1FBFEF808FB2B
:1005A0000CF7C8E7414698E7704700BF80B58AB0AE
:1005B00000AF07F1140300221A605A609A60DA60F3
:1005C0001A615C4BDB6C5B4A43F00403D364594B08
:1005D000DB6C03F004033B613B69564BDB6C554A13
:1005E00043F00103D364534BDB6C03F00103FB6066
:1005F000FB68504BDB6C4F4A43F00203D3644D4B16
:10060000DB6C03F00203BB60BB684A4BDB6C494AFE
:1006100043F00803D364474BDB6C03F008037B60B3
:100620007B68002243F2DB31434801F02DF90022C0
:1006300041F2FF714FF0904001F026F900220421B1
:100640003E4801F021F9002238213D4801F01CF913
:1006500043F2DB337B610123BB610023FB61002399
:100660003B6207F114031946334800F0A1FE04234E
:100670007B614FF48813BB610023FB6107F1140316
:1006800019462D4800F094FE41F2FF737B6101236F
:10069000BB610023FB6100233B6207F11403194691
:1006A0004FF0904000F084FE20237B610023BB616B
:1006B0000123FB6107F1140319461F4800F078FE7F
:1006C00007237B610023BB610123FB6107F1140356
:1006D00019461B4800F06CFE4FF400637B61002359
:1006E000BB610023FB6107F1140319464FF09040F2
:1006F00000F05EFE04237B610123BB610023FB61EC
:1007000000233B6207F1140319460C4800F050FE29
:1007100038237B610123BB610023FB6100233B6223
:1007200007F114031946064800F042FE00BF2837BF
:10073000BD4680BD0010024000080048000C004883
:100740000004004880B500AF00F0D3FB00F036F89D
:10075000FFF72CFF00F09AF800F0FEF900F02CFAF9
:1007600000F0CEF9322000F039FC06F08FFF07F0E0
:1007700055FD012201210D4808F039F80122002120
:100780000B4808F04BF9012208210A4801F07CF8D7
:1007900001220421084801F077F8012210210548C0
:1007A00001F072F805F0A4F8FCE700BFF0020020A9
:1007B0000004002000040048000C004880B596B0FA
:1007C00000AF07F1140344220021184608F072FC20
:1007D0003B4600221A605A609A60DA601A614FF450
:1007E000007001F087F80346002B01D000F048F8B4
:1007F00001F062F8214BD3F89030204A23F018031F
:10080000C2F8903014237B610123FB610123FB625A
:1008100000233B6360237B630223FB6301233B6470
:1008200001237B642823BB640723FB6402233B650D
:1008300002237B6507F11403184601F0B1F8034663
:10084000002B01D000F01CF80F233B6003237B60DA
:100850000023BB600023FB6000233B613B46042177
:10086000184601F0B1FC0346002B01D000F008F857
:1008700002F018F900BF5837BD4680BD0010024095
:1008800080B400AF72B600BF00BFFDE780B500AF17
:100890001B4B1C4A1A601A4B4FF482725A60184B59
:1008A00000229A60164B4FF4E062DA60144B00228B
:1008B0001A61134B00225A61114B4FF400729A6176
:1008C0000F4B0022DA610E4B00221A620C4B002201
:1008D0005A620B4B00229A62094B0722DA62084BDC
:1008E00000221A63064B08225A63054802F0DCF91D
:1008F0000346002B01D0FFF7C3FF00BF80BD00BF40
:10090000C40000200038004080B58AB000AF786095
:1009100007F1140300221A605A609A60DA601A61C3
:100920007B681B68174A934228D1174B9B6D164A68
:1009300043F480439365144B9B6D03F480433B6108
:100940003B69114BDB6C104A43F00203D3640E4B3E
:10095000DB6C03F00203FB60FB684FF460437B61D8
:100960000223BB610023FB6103233B6205237B62FF
:1009700007F114031946054800F01AFD00BF283797
:10098000BD4680BD00380040001002400004004811
:1009900080B483B000AF0F4B1B6E0E4A43F00103CF
:1009A00013660C4B1B6E03F001037B607B68094BE5
:1009B0009B6D084A43F080539365064B9B6D03F093
:1009C00080533B603B6800BF0C37BD465DF8047B3D
:1009D000704700BF0010024080B400AF00BFFDE7C9
:1009E00080B400AF00BFFDE780B400AF00BFFDE7FB
:1009F00080B400AF00BFFDE780B400AF00BFFDE7EB
:100A000080B400AF00BFBD465DF8047B704780B482
:100A100000AF00BFBD465DF8047B704780B400AFF7
:100A200000BFBD465DF8047B7047000080B500AF95
:100A300000F0B4FA034B1B680133024A136000BF95
:100A400080BD00BF2801002080B500AF024802F041
:100A5000D3FE00BF80BD00BFB801002080B500AF4D
:100A6000024802F0C9FE00BF80BD00BF4002002066
:100A700080B586B000AF7860144A154BD31A7B61FD
:100A80007B693B61134B1B68002B02D1114B124A4F
:100A90001A60104B1A687B6813443A699A4207D26D
:100AA00008F010FB03460C221A604FF0FF3309E0F8
:100AB000084B1B68FB60074B1A687B681344054AA8
:100AC0001360FB6818461837BD4680BD00C0002083
:100AD000000400002C010020180B002080B400AF9F
:100AE000064BD3F88830054A43F47003C2F88830C7
:100AF00000BFBD465DF8047B704700BF00ED00E01D
:100B000080B500AF124B134A1A60114B4FF4E1321B
:100B10005A600F4B00229A600D4B0022DA600C4B9A
:100B200000221A610A4B0C225A61094B00229A6179
:100B3000074B00221A62064B00225A62044802F058
:100B400031FC0346002B01D0FFF79AFE00BF80BDA9
:100B5000300100200080004080B500AF144B154AE2
:100B60001A60134B4FF416525A60114B00229A60D0
:100B70000F4B0022DA600E4B00221A610C4B0C2244
:100B80005A610B4B00229A61094B0022DA61084B33
:100B900000221A62064B00225A62054802F002FC4B
:100BA0000346002B01D0FFF76BFE00BF80BD00BFE6
:100BB000B80100200038014080B500AF144B154A41
:100BC0001A60134B4FF416525A60114B00229A6070
:100BD0000F4B0022DA600E4B00221A610C4B0C22E4
:100BE0005A610B4B00229A61094B0022DA61084BD3
:100BF00000221A62064B00225A62054802F0D2FB1C
:100C00000346002B01D0FFF73BFE00BF80BD00BFB5
:100C1000400200200048004080B5A6B000AF7860D8
:100C200007F1840300221A605A609A60DA601A6140
:100C300007F1240360220021184608F03BFA7B6884
:100C40001B686B4A93423CD120237B6200233B65A7
:100C500007F12403184601F0DBFC0346002B01D00A
:100C6000FFF70EFE634BDB6D624A43F00103D36571
:100C7000604BDB6D03F001033B623B6A5D4BDB6C59
:100C80005C4A43F00203D3645A4BDB6C03F002036B
:100C9000FB61FB694FF44063C7F884300223C7F857
:100CA00088300023C7F88C300323C7F8903008231E
:100CB000C7F8943007F1840319464F4800F078FBD9
:100CC00091E07B681B684D4A934243D101237B62CC
:100CD00000237B6407F12403184601F099FC0346C6
:100CE000002B01D0FFF7CCFD424B1B6E414A43F471
:100CF000804313663F4B1B6E03F48043BB61BB69AB
:100D00003C4BDB6C3B4A43F00203D364394BDB6C56
:100D100003F002037B617B69C023C7F884300223A0
:100D2000C7F888300023C7F88C300323C7F8903009
:100D30000723C7F8943007F1840319462E4800F0C2
:100D400037FB00220021252000F06BFA252000F05F
:100D500084FA48E07B681B68294A934243D1042304
:100D60007B620023FB6407F12403184601F050FC6A
:100D70000346002B01D0FFF783FD1E4B9B6D1D4AE0
:100D800043F4802393651B4B9B6D03F480233B61ED
:100D90003B69184BDB6C174A43F00403D364154BD3
:100DA000DB6C03F00403FB60FB684FF44063C7F89F
:100DB00084300223C7F888300023C7F88C3003231F
:100DC000C7F890300723C7F8943007F18403194619
:100DD0000C4800F0EDFA00220021272000F021FA53
:100DE000272000F03AFA00BF9837BD4680BD00BF0B
:100DF000008000400010024000040048003801401C
:100E0000004800400008004880B582B000AF78601C
:100E10007B681B681C4A93420BD11C4BDB6D1B4A41
:100E200023F00103D3654FF44061194800F03AFC08
:100E300025E07B681B68174A93420DD1134B1B6E4C
:100E4000124A23F480431366C021114800F02AFCA3
:100E5000252000F010FA12E07B681B680E4A9342CE
:100E60000DD10A4B9B6D094A23F4802393654FF4FF
:100E700040610A4800F016FC272000F0FCF900BF92
:100E80000837BD4680BD00BF008000400010024012
:100E900000040048003801400048004000080048B5
:100EA000DFF834D0FFF71AFE0C480D490D4A002335
:100EB00002E0D458C4500433C4188C42F9D30A4A0F
:100EC0000A4C002301E013600432A242FBD308F075
:100ED000FFF8FFF737FCFEE700C00020000000200D
:100EE000A8000020E8A00008A8000020140B0020A3
:100EF000FEE780B582B000AF0023FB71032000F055
:100F000085F90F2000F00EF80346002B02D00123D4
:100F1000FB7101E0FFF73CFDFB7918460837BD4641
:100F200080BD000080B584B000AF78600023FB7303
:100F3000174B1B78002B23D0164B1A68144B1B78C9
:100F400019464FF47A73B3FBF1F3B2FBF3F318468F
:100F500000F09FF90346002B0FD17B680F2B09D8B7
:100F6000002279684FF0FF3000F05BF90A4A7B6895
:100F7000136007E00123FB7304E00123FB7301E02E
:100F80000123FB73FB7B18461037BD4680BD00BFB5
:100F900008000020000000200400002080B400AF02
:100FA000064B1B781A46064B1B681344044A136011
:100FB00000BFBD465DF8047B704700BF08000020FD
:100FC000C802002080B400AF034B1B681846BD4622
:100FD0005DF8047B704700BFC802002080B584B074
:100FE00000AF7860FFF7EEFFB8607B68FB60FB68DE
:100FF000B3F1FF3F05D00A4B1B781A46FB68134438
:10100000FB6000BFFFF7DEFF0246BB68D31AFA6839
:101010009A42F7D800BF00BF1037BD4680BD00BF61
:101020000800002080B485B000AF78607B6803F0D2
:101030000703FB600C4BDB68BB60BA684FF6FF032D
:101040001340BB60FB681A02BB68134343F0BF63E5
:1010500043F40033BB60044ABB68D36000BF14375D
:10106000BD465DF8047B704700ED00E080B400AF42
:10107000044BDB681B0A03F007031846BD465DF806
:10108000047B704700ED00E080B483B000AF0346FE
:10109000FB7197F90730002B0BDBFB7903F01F0284
:1010A000074997F907305B09012000FA02F241F87D
:1010B000232000BF0C37BD465DF8047B704700BF9E
:1010C00000E100E080B483B000AF0346FB7197F904
:1010D0000730002B12DBFB7903F01F020A4997F956
:1010E00007305B09012000FA02F2203341F8232087
:1010F000BFF34F8F00BFBFF36F8F00BF00BF0C3730
:10110000BD465DF8047B704700E100E080B483B029
:1011100000AF03463960FB7197F90730002B0ADBFB
:101120003B68DAB20C4997F907301201D2B20B448E
:1011300083F800230AE03B68DAB20849FB7903F040
:101140000F03043B1201D2B20B441A7600BF0C37D6
:10115000BD465DF8047B704700E100E000ED00E073
:1011600080B489B000AFF860B9607A60FB6803F0C2
:101170000703FB61FB69C3F10703042B28BF0423AA
:10118000BB61FB690433062B02D9FB69033B00E01A
:1011900000237B614FF0FF32BB6902FA03F3DA43AD
:1011A000BB681A407B699A404FF0FF317B6901FAB6
:1011B00003F3D9437B680B40134318462437BD46DD
:1011C0005DF8047B7047000080B582B000AF7860A6
:1011D0007B68013BB3F1807F01D301230FE00A4A12
:1011E0007B68013B53600F214FF0FF30FFF78EFF0C
:1011F000054B00229A60044B07221A600023184610
:101200000837BD4680BD00BF10E000E080B582B069
:1012100000AF78607868FFF705FF00BF0837BD466C
:1012200080BD80B586B000AF0346B9607A60FB73BD
:1012300000237B61FFF71AFF78617A68B9687869E3
:10124000FFF78EFF024697F90F3011461846FFF759
:101250005DFF00BF1837BD4680BD80B582B000AFCE
:101260000346FB7197F907301846FFF70DFF00BFE3
:101270000837BD4680BD80B582B000AF0346FB7124
:1012800097F907301846FFF71DFF00BF0837BD4626
:1012900080BD80B582B000AF78607868FFF794FFBA
:1012A000034618460837BD4680BD80B483B000AF02
:1012B00078607B68002B01D1012331E07B6893F8D3
:1012C0002530DBB2022B08D07B680422DA637B680E
:1012D000002283F82420012322E07B681B681A681F
:1012E0007B681B6822F001021A607B681B681A6821
:1012F0007B681B6822F00E021A607B685B6C03F04F
:101300001C027B681B6C012101FA02F25A607B68A7
:10131000012283F825207B68002283F82420002303
:1013200018460C37BD465DF8047B704780B584B025
:1013300000AF78600023FB737B6893F82530DBB245
:10134000022B05D07B680422DA630123FB7329E0BA
:101350007B681B681A687B681B6822F001021A60B0
:101360007B681B681A687B681B6822F00E021A6093
:101370007B685B6C03F01C027B681B6C012101FA2B
:1013800002F25A607B68012283F825207B680022E4
:1013900083F824207B689B6B002B03D07B689B6BBE
:1013A00078689847FB7B18461037BD4680BD000023
:1013B00080B487B000AF7860396000237B6154E16E
:1013C0003B681A6801217B6901FA03F31340FB6053
:1013D000FB68002B00F046813B685B6803F0030369
:1013E000012B05D03B685B6803F00303022B30D16F
:1013F0007B689B683B617B695B00032202FA03F315
:10140000DB433A6913403B613B68DA687B695B0008
:1014100002FA03F33A6913433B617B683A699A60C5
:101420007B685B683B6101227B6902FA03F3DB4363
:101430003A6913403B613B685B681B0903F001029A
:101440007B6902FA03F33A6913433B617B683A69AB
:101450005A603B685B6803F00303032B17D07B687B
:10146000DB683B617B695B00032202FA03F3DB4329
:101470003A6913403B613B689A687B695B0002FAFA
:1014800003F33A6913433B617B683A69DA603B686E
:101490005B6803F00303022B23D17B69DA087B68C6
:1014A000083253F822303B617B6903F007039B004D
:1014B0000F2202FA03F3DB433A6913403B613B68B6
:1014C0001A697B6903F007039B0002FA03F33A6988
:1014D00013433B617B69DA087B680832396943F85A
:1014E00022107B681B683B617B695B00032202FA68
:1014F00003F3DB433A6913403B613B685B6803F0ED
:1015000003027B695B0002FA03F33A6913433B6110
:101510007B683A691A603B685B6803F44033002BD0
:1015200000F0A080584B1B6E574A43F0010313662E
:10153000554B1B6E03F00103BB60BB68534A7B69CC
:101540009B08023352F823303B617B6903F00303AD
:101550009B000F2202FA03F3DB433A6913403B611D
:101560007B68B3F1904F19D07B68494A934213D0FE
:101570007B68484A93420DD07B68474A934207D024
:101580007B68464A934201D1042308E0072306E022
:10159000032304E0022302E0012300E000237A6930
:1015A00002F00302920093403A6913433B613749CA
:1015B0007B699B0802333A6941F82320384B9B68CA
:1015C0003B61FB68DB433A6913403B613B685B6806
:1015D00003F48013002B03D03A69FB6813433B618B
:1015E0002F4A3B6993602E4BDB683B61FB68DB4312
:1015F0003A6913403B613B685B6803F40013002BBE
:1016000003D03A69FB6813433B61254A3B69D360C9
:10161000234B5B683B61FB68DB433A6913403B61EA
:101620003B685B6803F40033002B03D03A69FB6826
:1016300013433B611A4A3B695360194B1B683B617A
:10164000FB68DB433A6913403B613B685B6803F42A
:101650008033002B03D03A69FB6813433B61104A87
:101660003B6913607B6901337B613B681A687B6966
:1016700022FA03F3002B7FF4A3AE00BF00BF1C3798
:10168000BD465DF8047B7047001002400000014039
:101690000004004800080048000C00480010004802
:1016A0000004014080B487B000AF78603960002347
:1016B0007B61B7E001227B6902FA03F33A681340C9
:1016C0003B613B69002B00F0AA805D4A7B699B0867
:1016D000023352F82330FB607B6903F003039B0065
:1016E0000F2202FA03F3FA681340FB607B68B3F140
:1016F000904F19D07B68534A934213D07B68524A6B
:1017000093420DD07B68514A934207D07B68504A80
:10171000934201D1042308E0072306E0032304E0F9
:10172000022302E0012300E000237A6902F00302B1
:1017300092009340FA689A4232D1464B1A683B694C
:10174000DB43444913400B60424B5A683B69DB431F
:10175000404913404B603F4BDA683B69DB433D49EE
:101760001340CB603B4B9A683B69DB4339491340DC
:101770008B607B6903F003039B000F2202FA03F3E3
:10178000FB602F4A7B699B08023352F82310FB68E9
:10179000DA432B487B699B080A40023340F8232038
:1017A0007B681A687B695B00032101FA03F31A4323
:1017B0007B681A607B69DA087B68083253F822106C
:1017C0007B6903F007039B000F2202FA03F3DB435C
:1017D0007A69D20819407B68083243F822107B6886
:1017E0009A687B695B00032101FA03F3DB431A402B
:1017F0007B689A607B685A6801217B6901FA03F370
:10180000DB431A407B685A607B68DA687B695B005F
:10181000032101FA03F3DB431A407B68DA607B693A
:1018200001337B613A687B6922FA03F3002B7FF472
:1018300041AF00BF00BF1C37BD465DF8047B704759
:10184000000001400004004800080048000C004867
:10185000001000480004014080B485B000AF7860FB
:101860000B467B807B681A697B881340002B02D073
:101870000123FB7301E00023FB73FB7B1846143745
:10188000BD465DF8047B704780B483B000AF7860DC
:101890000B467B8013467B707B78002B03D07A88C5
:1018A0007B689A6102E07A887B689A6200BF0C3795
:1018B000BD465DF8047B704780B400AF054B1B68E4
:1018C000044A43F48073136000BFBD465DF8047B97
:1018D000704700BF0070004080B400AF044B1B682D
:1018E00003F4C0631846BD465DF8047B704700BF33
:1018F0000070004080B485B000AF78607B68B3F5BD
:10190000007F30D1234B1B6803F4C063B3F5007F25
:1019100038D0204B1B6823F4C0631E4A43F4007385
:1019200013601D4B1B68322202FB03F31B4AA2FB10
:1019300003239B0C0133FB6002E0FB68013BFB606F
:10194000144B5B6903F48063B3F5806F02D1FB68CD
:10195000002BF2D10F4B5B6903F48063B3F5806F0A
:1019600010D103230FE00B4B1B6803F4C063B3F5E6
:10197000806F07D0074B1B6823F4C063054A43F40C
:1019800080631360002318461437BD465DF8047B5E
:10199000704700BF007000400000002083DE1B4342
:1019A00080B588B000AF78607B68002B02D101233E
:1019B00000F002BC964B9B6803F00C03BB61944B98
:1019C000DB6803F003037B617B681B6803F0100393
:1019D000002B00F0E480BB69002B07D0BB690C2B07
:1019E00040F08B807B69012B40F08780884B1B681F
:1019F00003F00203002B05D07B689B69002B01D10B
:101A00000123D9E37B681A6A814B1B6803F0080342
:101A1000002B04D07E4B1B6803F0F00305E07C4BE9
:101A2000D3F894301B0903F0F003934223D27B6870
:101A30001B6A184600F08CFD0346002B01D00123E1
:101A4000BAE3734B1B68724A43F008031360704B90
:101A50001B6823F0F0027B681B6A6D4913430B601F
:101A60006B4B5B6823F47F427B68DB691B02684930
:101A700013434B6025E0664B1B68654A43F008033F
:101A80001360634B1B6823F0F0027B681B6A60499C
:101A900013430B605E4B5B6823F47F427B68DB691A
:101AA0001B025B4913434B60BB69002B09D17B6868
:101AB0001B6A184600F04CFD0346002B01D00123A1
:101AC0007AE300F081FC0246514B9B681B0903F04E
:101AD0000F035049CB5C03F01F0322FA03F34E4A75
:101AE00013604E4B1B681846FFF71CFA0346FB7346
:101AF000FB7B002B52D0FB7B5EE37B689B69002B5A
:101B000032D0434B1B68424A43F001031360FFF796
:101B100059FA386108E0FFF755FA02463B69D31AD3
:101B2000022B01D9032347E3394B1B6803F002035F
:101B3000002BF0D0364B1B68354A43F00803136086
:101B4000334B1B6823F0F0027B681B6A3049134358
:101B50000B602F4B5B6823F47F427B68DB691B02C1
:101B60002B4913434B601AE0294B1B68284A23F08A
:101B700001031360FFF726FA386108E0FFF722FA45
:101B800002463B69D31A022B01D9032314E3204BED
:101B90001B6803F00203002BF0D100E000BF7B685C
:101BA0001B6803F00103002B73D0BB69082B05D021
:101BB000BB690C2B0ED17B69032B0BD1144B1B681B
:101BC00003F40033002B63D07B685B68002B5FD18C
:101BD0000123F1E27B685B68B3F5803F06D10C4BD3
:101BE0001B680B4A43F48033136025E07B685B6815
:101BF000B3F5A02F14D1064B1B68054A43F480238C
:101C00001360034B1B68024A43F48033136013E0F4
:101C100000100240F49B0008000000200400002097
:101C2000A04B1B689F4A23F4803313609D4B1B68B5
:101C30009C4A23F4802313607B685B68002B13D0DD
:101C4000FFF7C0F9386108E0FFF7BCF902463B69CD
:101C5000D31A642B01D90323AEE2924B1B6803F421
:101C60000033002BF0D014E0FFF7ACF9386108E046
:101C7000FFF7A8F902463B69D31A642B01D9032365
:101C80009AE2884B1B6803F40033002BF0D100E08C
:101C900000BF7B681B6803F00203002B60D0BB69A8
:101CA000042B05D0BB690C2B19D17B69022B16D1F3
:101CB0007C4B1B6803F48063002B05D07B68DB68DA
:101CC000002B01D1012377E2764B5B6823F0F852B9
:101CD0007B681B691B06734913434B6040E07B68BC
:101CE000DB68002B23D06F4B1B686E4A43F4807374
:101CF0001360FFF767F9386108E0FFF763F9024600
:101D00003B69D31A022B01D9032355E2654B1B68AB
:101D100003F48063002BF0D0624B5B6823F0F85231
:101D20007B681B691B065F4913434B6018E05D4BE2
:101D30001B685C4A23F480731360FFF743F9386132
:101D400008E0FFF73FF902463B69D31A022B01D99D
:101D5000032331E2534B1B6803F48063002BF0D163
:101D60007B681B6803F00803002B3CD07B685B6931
:101D7000002B1CD04B4BD3F894304A4A43F001035C
:101D8000C2F89430FFF71EF9386108E0FFF71AF93E
:101D900002463B69D31A022B01D903230CE2414BC3
:101DA000D3F8943003F00203002BEFD01BE03D4B3F
:101DB000D3F894303B4A23F00103C2F89430FFF784
:101DC00001F9386108E0FFF7FDF802463B69D31AD4
:101DD000022B01D90323EFE1324BD3F8943003F007
:101DE0000203002BEFD17B681B6803F00403002B78
:101DF00000F0A6800023FB772A4B9B6D03F08053F5
:101E0000002B0DD1274B9B6D264A43F080539365E1
:101E1000244B9B6D03F08053BB60BB680123FB77B1
:101E2000214B1B6803F48073002B18D11E4B1B68D9
:101E30001D4A43F480731360FFF7C4F8386108E06B
:101E4000FFF7C0F802463B69D31A022B01D90323DE
:101E5000B2E1154B1B6803F48073002BF0D07B6854
:101E60009B68012B08D10F4BD3F890300D4A43F0FB
:101E70000103C2F8903029E07B689B68052B15D1DF
:101E8000084BD3F89030074A43F00403C2F890306F
:101E9000044BD3F89030034A43F00103C2F890306A
:101EA00014E000BF00100240007000409A4BD3F8CD
:101EB0009030994A23F00103C2F89030964BD3F842
:101EC0009030954A23F00403C2F890307B689B68F9
:101ED000002B16D0FFF776F838610AE0FFF772F8AA
:101EE00002463B69D31A41F28832934201D9032357
:101EF00062E1894BD3F8903003F00203002BEDD060
:101F000015E0FFF75FF838610AE0FFF75BF802467B
:101F10003B69D31A41F28832934201D903234BE142
:101F20007D4BD3F8903003F00203002BEDD1FB7F03
:101F3000012B05D1784B9B6D774A23F08053936535
:101F40007B681B6803F02003002B3CD07B685B6A36
:101F5000002B1CD0704BD3F898306F4A43F001032C
:101F6000C2F89830FFF72EF8386108E0FFF72AF83A
:101F700002463B69D31A022B01D903231CE1664BAD
:101F8000D3F8983003F00203002BEFD01BE0624B34
:101F9000D3F89830604A23F00103C2F89830FFF775
:101FA00011F8386108E0FFF70DF802463B69D31AD3
:101FB000022B01D90323FFE0574BD3F8983003F0ED
:101FC0000203002BEFD17B689B6A002B00F0F380AB
:101FD0007B689B6A022B40F0C9804F4BDB687B61BA
:101FE0007B6903F003027B68DB6A9A422CD17B6930
:101FF00003F070027B681B6B013B1B019A4223D1EB
:102000007B6903F4FE427B685B6B1B029A421BD127
:102010007B6903F078427B689B6BDB069A4213D1A5
:102020007B6903F4C0027B68DB6B5B08013B5B05EB
:102030009A4209D17B6903F0C0627B681B6C5B0824
:10204000013B5B069A426BD0BB690C2B62D0324BD2
:102050001B6803F08063002B01D00123ACE02E4B02
:102060001B682D4A23F080731360FEF7ABFF3861C5
:1020700008E0FEF7A7FF02463B69D31A022B01D9FD
:10208000032399E0244B1B6803F00073002BF0D16D
:10209000214BDA68214B13407A68D16A7A68126B57
:1020A000013A120111437A68526B120211437A68A5
:1020B000D26B5208013A520511437A68126C5208E9
:1020C000013A520611437A68926BD2060A431249CA
:1020D0001343CB60104B1B680F4A43F080731360AF
:1020E0000D4BDB680C4A43F08073D360FEF76AFF48
:1020F000386108E0FEF766FF02463B69D31A022BFF
:1021000001D9032358E0044B1B6803F00073002B34
:10211000F0D050E001234FE0001002408C809D0180
:10212000274B1B6803F00073002B44D1244B1B6822
:10213000234A43F080731360214BDB68204A43F04D
:102140008073D360FEF73EFF386108E0FEF73AFF88
:1021500002463B69D31A022B01D903232CE0184B0A
:102160001B6803F00073002BF0D024E0BB690C2B3C
:102170001FD0134B1B68124A23F080731360FEF7C5
:1021800021FF386108E0FEF71DFF02463B69D31AC4
:10219000022B01D903230FE0094B1B6803F00073E6
:1021A000002BF0D1064BDA680549064B1340CB6093
:1021B00001E0012300E0002318462037BD4680BD22
:1021C00000100240FCFFEEFE80B584B000AF7860E6
:1021D00039607B68002B01D10123E7E0754B1B6858
:1021E00003F007033A689A4210D9724B1B6823F038
:1021F000070270493B6813430B606E4B1B6803F08A
:1022000007033A689A4201D00123CFE07B681B683C
:1022100003F00203002B10D07B689A68664B9B6822
:1022200003F0F0039A4208D9634B9B6823F0F00255
:102230007B689B68604913438B607B681B6803F075
:102240000103002B4CD07B685B68032B07D15A4BF2
:102250001B6803F00073002B21D10123A6E07B68EB
:102260005B68022B07D1544B1B6803F40033002B2F
:1022700015D101239AE07B685B68002B07D14E4B98
:102280001B6803F00203002B09D101238EE04A4BA7
:102290001B6803F48063002B01D1012386E0464BC9
:1022A0009B6823F003027B685B68434913438B60A0
:1022B000FEF788FEF8600AE0FEF784FE0246FB683F
:1022C000D31A41F28832934201D903236EE03A4B8C
:1022D0009B6803F00C027B685B689B009A42EBD121
:1022E0007B681B6803F00203002B10D07B689A68A0
:1022F000314B9B6803F0F0039A4208D22E4B9B6847
:1023000023F0F0027B689B682B4913438B60294BB9
:102310001B6803F007033A689A4210D2254B1B68EA
:1023200023F0070223493B6813430B60214B1B68D2
:1023300003F007033A689A4201D0012336E07B6834
:102340001B6803F00403002B08D01B4B9B6823F48D
:10235000E0627B68DB68184913438B607B681B680D
:1023600003F00803002B09D0134B9B6823F4605241
:102370007B681B69DB00104913438B6000F024F875
:1023800002460D4B9B681B0903F00F030B49CB5C06
:1023900003F01F0322FA03F3094A1360094B1B6879
:1023A0001846FEF7BFFD0346FB72FB7A184610374E
:1023B000BD4680BD0020024000100240F49B000892
:1023C000000000200400002080B489B000AF00238A
:1023D000FB610023BB613E4B9B6803F00C033B6138
:1023E0003B4BDB6803F00303FB603B69002B05D02C
:1023F0003B690C2B21D1FB68012B1ED1344B1B6890
:1024000003F00803002B07D1314BD3F894301B0A9B
:1024100003F00F03FB6105E02D4B1B681B0903F064
:102420000F03FB612B4AFB6952F82330FB613B69C8
:10243000002B0DD1FB69BB610AE03B69042B02D183
:10244000254BBB6104E03B69082B01D1234BBB61E9
:102450003B690C2B34D11E4BDB6803F00303BB60DC
:10246000BB68022B03D0BB68032B03D005E01A4BDB
:102470007B6105E0194B7B6102E0FB697B6100BF7A
:10248000134BDB681B0903F0070301337B60104B20
:10249000DB681B0A03F07F037A6903FB02F27B68A7
:1024A000B2FBF3F37B610A4BDB685B0E03F00303C3
:1024B00001335B003B607A693B68B2FBF3F3BB61BD
:1024C000BB6918462437BD465DF8047B704700BFE2
:1024D000001002400C9C00080024F40000127A0056
:1024E00080B400AF034B1B681846BD465DF8047B03
:1024F000704700BF0000002080B500AFFFF7F0FF7D
:102500000246064B9B681B0A03F007030449CB5C99
:1025100003F01F0322FA03F3184680BD00100240A7
:10252000049C000880B500AFFFF7DAFF0246064BB7
:102530009B68DB0A03F007030449CB5C03F01F032D
:1025400022FA03F3184680BD00100240049C0008E4
:1025500080B586B000AF786000233B612A4B9B6D4D
:1025600003F08053002B03D0FFF7B6F9786114E035
:10257000254B9B6D244A43F080539365224B9B6D02
:1025800003F08053FB60FB68FFF7A6F978611E4BF0
:102590009B6D1D4A23F0805393657B69B3F5007FE3
:1025A0000BD17B68802B19D97B68A02B02D9022321
:1025B0003B6113E001233B6110E07B68802B02D973
:1025C00003233B610AE07B68802B02D102233B613D
:1025D00004E07B68702B01D101233B610B4B1B682E
:1025E00023F0070209493B6913430B60074B1B6843
:1025F00003F007033A699A4201D0012300E0002367
:1026000018461837BD4680BD001002400020024029
:1026100080B586B000AF78600023FB740023BB74E4
:102620007B681B6803F40063002B31D07B685B6C14
:10263000B3F5400F1AD0B3F5400F14D8002B09D0D2
:10264000B3F5000F0FD15D4BDB685C4A43F4803378
:10265000D3600CE07B6804330021184600F032FAA6
:102660000346FB7403E00123FB7400E000BFFB7C26
:10267000002B0BD1514BD3F8883023F440027B68F8
:102680005B6C4E491343C1F8883001E0FB7CBB749E
:102690007B681B6803F40033002B00F09E8000234E
:1026A0007B74464B9B6D03F08053002B01D10123BB
:1026B00000E00023002B0DD0404B9B6D3F4A43F0C0
:1026C000805393653D4B9B6D03F08053BB60BB68AB
:1026D00001237B743A4B1B68394A43F480731360BF
:1026E000FEF770FCF86009E0FEF76CFC0246FB6840
:1026F000D31A022B02D90323FB7405E0304B1B686D
:1027000003F48073002BEFD0FB7C002B5AD12B4BB2
:10271000D3F8903003F440737B617B69002B1ED0AB
:102720007B68DB6D7A699A4219D0244BD3F89030DC
:1027300023F440737B61214BD3F890301F4A43F45C
:102740008033C2F890301D4BD3F890301B4A23F4ED
:102750008033C2F89030194A7B69C2F890307B69A7
:1027600003F00103002B16D0FEF72CFCF8600BE001
:10277000FEF728FC0246FB68D31A41F288329342E6
:1027800002D90323FB7406E00C4BD3F8903003F01E
:102790000203002BECD0FB7C002B0BD1074BD3F8B2
:1027A000903023F440727B68DB6D04491343C1F819
:1027B000903009E0FB7CBB7406E000BF00100240D3
:1027C00000700040FB7CBB747B7C012B05D18D4BE2
:1027D0009B6D8C4A23F0805393657B681B6803F0E4
:1027E0000103002B0AD0874BD3F8883023F0030273
:1027F0007B681B6A83491343C1F888307B681B6878
:1028000003F00203002B0AD07E4BD3F8883023F06C
:102810000C027B685B6A7B491343C1F888307B6894
:102820001B6803F00403002B0AD0764BD3F88830E2
:1028300023F030027B689B6A72491343C1F88830E9
:102840007B681B6803F02003002B0AD06D4BD3F884
:10285000883023F440627B68DB6A6A491343C1F81D
:1028600088307B681B6803F40073002B0AD0654B2B
:10287000D3F8883023F440227B68DB6B6149134333
:10288000C1F888307B681B6803F48063002B0AD092
:102890005C4BD3F8883023F440127B681B6C594999
:1028A0001343C1F888307B681B6803F04003002B9A
:1028B0000AD0544BD3F8883023F440527B681B6B0A
:1028C00050491343C1F888307B681B6803F08003CC
:1028D000002B0AD04B4BD3F8883023F440427B685E
:1028E0005B6B48491343C1F888307B681B6803F46D
:1028F0008073002B0AD0434BD3F8883023F4403246
:102900007B689B6B3F491343C1F888307B681B6829
:1029100003F40053002B28D03A4BD3F8883023F02F
:1029200040627B689B6C37491343C1F888307B68F1
:102930009B6CB3F1006F06D1324BDB68314A43F434
:102940008013D36011E07B689B6CB3F1806F0CD176
:102950007B6804330121184600F0B4F80346FB7489
:10296000FB7C002B01D0FB7CBB747B681B6803F4F1
:102970000023002B28D0234BD3F8883023F040626B
:102980007B68DB6C1F491343C1F888307B68DB6CC4
:10299000B3F1006F06D11B4BDB681A4A43F4801376
:1029A000D36011E07B68DB6CB3F1806F0CD17B6886
:1029B00004330121184600F085F80346FB74FB7CC4
:1029C000002B01D0FB7CBB747B681B6803F4802365
:1029D000002B2BD00B4BD3F8883023F040627B6860
:1029E0001B6D08491343C1F888307B681B6DB3F138
:1029F000006F09D1034BDB68024A43F48013D360B4
:102A000014E000BF001002407B681B6DB3F1806FC3
:102A10000CD17B6804330121184600F053F80346BB
:102A2000FB74FB7C002B01D0FB7CBB747B681B68B8
:102A300003F48043002B1CD0194BD3F8883023F0CB
:102A400040527B685B6D16491343C1F888307B6840
:102A50005B6DB3F1805F0CD17B68043302211846B3
:102A600000F030F80346FB74FB7C002B01D0FB7CAC
:102A7000BB747B681B6803F40043002B0AD0084B2F
:102A8000D3F8883023F080427B689B6D0449134360
:102A9000C1F88830BB7C18461837BD4680BD00BFE2
:102AA0000010024080B400AF054B1B68044A43F09D
:102AB0000403136000BFBD465DF8047B704700BF90
:102AC0000010024080B584B000AF78603960002308
:102AD000FB73744BDB6803F00303002B18D0714BBE
:102AE000DB6803F003027B681B689A420DD17B68A8
:102AF0001B68002B09D06B4BDB681B0903F0070335
:102B00005A1C7B685B689A4247D00123FB7344E000
:102B10007B681B68032B18D0032B25D8012B02D010
:102B2000022B09D020E05F4B1B6803F00203002B4F
:102B30001DD10123FB731AE05A4B1B6803F4806319
:102B4000002B16D10123FB7313E0564B1B6803F4D3
:102B50000033002B0FD1534B1B6803F48023002B51
:102B600009D10123FB7306E00123FB7304E000BFDE
:102B700002E000BF00E000BFFB7B002B0DD1494B02
:102B8000DB6823F073027B6819687B685B68013B34
:102B90001B010B4343491343CB60FB7B002B7CD1D0
:102BA000404B1B683F4A23F080631360FEF70AFA2C
:102BB000B86009E0FEF706FA0246BB68D31A022B9A
:102BC00002D90323FB7305E0364B1B6803F0006357
:102BD000002BEFD1FB7B002B5FD13B68002B10D18A
:102BE000304B1B6923F0784323F4FE437A689268E4
:102BF00011027A68D268D2060A432A4913430B614C
:102C000027E03B68012B12D1264B1B6923F4C0033C
:102C100023F4FE437A68926811027A6812695208B6
:102C2000013A52050A431F4913430B6111E01D4B42
:102C30001B6923F0C06323F4FE437A689268110293
:102C40007A6852695208013A52060A4315491343F9
:102C50000B61144B1B68134A43F080631360FEF74B
:102C6000B1F9B86009E0FEF7ADF90246BB68D31AC6
:102C7000022B02D90323FB7305E00A4B1B6803F008
:102C80000063002BEFD0FB7B002B06D1054B1A69AC
:102C90007B689B69034913430B61FB7B1846103724
:102CA000BD4680BD0010024080B584B000AF7860A2
:102CB0007B68002B01D1012395E07B685B6A002BC8
:102CC00008D17B685B68B3F5827F09D07B680022FE
:102CD000DA6105E07B6800221A617B6800225A6194
:102CE0007B6800229A627B6893F85D30DBB2002B30
:102CF00006D17B68002283F85C207868FDF704FE2B
:102D00007B68022283F85D207B681B681A687B68F9
:102D10001B6822F040021A607B68DB68B3F5E06F45
:102D200002D90023FB6002E04FF48053FB607B6814
:102D3000DB68B3F5706F07D07B68DB68B3F5E06FD5
:102D400002D07B6800229A627B685B6803F482721F
:102D50007B689B6803F404431A437B681B6903F098
:102D600002031A437B685B6903F001031A437B6823
:102D70009B6903F400731A437B68DB6903F0380333
:102D80001A437B681B6A03F0800342EA03017B68F5
:102D90009B6A03F400527B681B680A431A607B68D5
:102DA0009B691B0C03F004027B685B6A03F0100351
:102DB0001A437B685B6B03F008031A437B68DB688C
:102DC00003F4706342EA0301FB6803F480527B68FA
:102DD0001B680A435A607B6800221A667B680122DE
:102DE00083F85D20002318461037BD4680BD80B5AE
:102DF00088B000AFF860B9603B601346FB80FEF717
:102E0000E1F8F861FB887B83FB6893F85D30DBB207
:102E1000012B01D002235CE1BB68002B02D0FB88B0
:102E2000002B01D1012354E1FB6893F85C30012BA6
:102E300001D102234DE1FB68012283F85C20FB688D
:102E4000032283F85D20FB6800221A66FB68BA68DB
:102E50009A63FB68FA889A87FB68FA88DA87FB68C6
:102E600000221A64FB680022A3F84420FB680022B9
:102E7000A3F84620FB6800221A65FB680022DA648A
:102E8000FB689B68B3F5004F0FD1FB681B681A689D
:102E9000FB681B6822F040021A60FB681B681A6816
:102EA000FB681B6842F480421A60FB681B681B6861
:102EB00003F04003402B07D0FB681B681A68FB68CF
:102EC0001B6842F040021A60FB68DB68B3F5E06FF4
:102ED00052D9FB685B68002B02D07B8B012B45D15C
:102EE000FB689B6B1A88FB681B68DA60FB689B6B4E
:102EF0009A1CFB689A63FB68DB8F9BB2013B9AB21A
:102F0000FB68DA8732E0FB681B689B6803F002030A
:102F1000022B12D1FB689B6B1A88FB681B68DA6076
:102F2000FB689B6B9A1CFB689A63FB68DB8F9BB208
:102F3000013B9AB2FB68DA8718E0FEF743F80246D5
:102F4000FB69D31A3A689A4203D83B68B3F1FF3F52
:102F500002D13B68002B09D1FB68012283F85D2078
:102F6000FB68002283F85C200323B2E0FB68DB8F60
:102F70009BB2002BC7D183E0FB685B68002B02D0BB
:102F80007B8B012B77D1FB68DB8F9BB2012B12D996
:102F9000FB689B6B1A88FB681B68DA60FB689B6B9D
:102FA0009A1CFB689A63FB68DB8F9BB2023B9AB268
:102FB000FB68DA875FE0FB689A6BFB681B680C3381
:102FC00012781A70FB689B6B5A1CFB689A63FB684B
:102FD000DB8F9BB2013B9AB2FB68DA874BE0FB6860
:102FE0001B689B6803F00203022B2BD1FB68DB8F6D
:102FF0009BB2012B12D9FB689B6B1A88FB681B687C
:10300000DA60FB689B6B9A1CFB689A63FB68DB8F3A
:103010009BB2023B9AB2FB68DA872CE0FB689A6BA2
:10302000FB681B680C3312781A70FB689B6B5A1C88
:10303000FB689A63FB68DB8F9BB2013B9AB2FB682B
:10304000DA8718E0FDF7BEFF0246FB69D31A3A683B
:103050009A4203D83B68B3F1FF3F02D13B68002B93
:1030600009D1FB68012283F85D20FB68002283F808
:103070005C2003232DE0FB68DB8F9BB2002BAED1DD
:10308000FA693968F86800F047F90346002B02D066
:10309000FB6820221A66FB689B68002B0AD100237C
:1030A0007B61FB681B68DB687B61FB681B689B6856
:1030B0007B617B69FB68012283F85D20FB6800224D
:1030C00083F85C20FB681B6E002B01D0012300E01D
:1030D000002318462037BD4680BD000080B588B06B
:1030E00000AFF860B9603B601346FB71FDF76AFF03
:1030F0000246BB6A9B1A3A681344FB61FDF762FF04
:10310000B861394B1B685B011B0DFA6902FB03F3C5
:103110007B6155E03B68B3F1FF3F51D0FDF752FFB3
:103120000246BB69D31AFA699A4202D9FB69002B9D
:103130003DD1FB681B685A68FB681B6822F0E002FF
:103140005A60FB685B68B3F5827F11D1FB689B68AE
:10315000B3F5004F04D0FB689B68B3F5806F07D1CF
:10316000FB681B681A68FB681B6822F040021A6043
:10317000FB689B6AB3F5005F0FD1FB681B681A6898
:10318000FB681B6822F400521A60FB681B681A680F
:10319000FB681B6842F400521A60FB68012283F846
:1031A0005D20FB68002283F85C20032318E07B6924
:1031B000002B02D10023FB6102E07B69013B7B61B4
:1031C000FB681B689A68BB681340BA689A420CBFD8
:1031D00001230023DBB21A46FB799A429AD10023DD
:1031E00018462037BD4680BD0000002080B58AB05B
:1031F00000AFF860B9607A603B600023FB75FDF7B3
:10320000E1FE02463B6B9B1A3A6813447B62FDF772
:10321000D9FE3862FB681B680C33FB613D4B1A68B2
:1032200013469B001344DA00D31A1B0D7A6A02FB83
:1032300003F3BB6161E0BB68B3F5C06F07D17B6886
:10324000002B04D1FB691B78DBB2FB75FB7D3B686F
:10325000B3F1FF3F51D0FDF7B5FE02463B6AD31AEA
:103260007A6A9A4202D97B6A002B3DD1FB681B68BF
:103270005A68FB681B6822F0E0025A60FB685B68D2
:10328000B3F5827F11D1FB689B68B3F5004F04D082
:10329000FB689B68B3F5806F07D1FB681B681A68F1
:1032A000FB681B6822F040021A60FB689B6AB3F55A
:1032B000005F0FD1FB681B681A68FB681B6822F46B
:1032C00000521A60FB681B681A68FB681B6842F4AE
:1032D00000521A60FB68012283F85D20FB6800221F
:1032E00083F85C20032311E0BB69002B02D100238B
:1032F0007B6202E0BB69013BBB61FB681B689A68AB
:10330000BB6813407A689A4295D100231846283743
:10331000BD4680BD0000002080B586B002AFF860D9
:10332000B9607A607B680093BB6800224FF4C0519B
:10333000F868FFF75BFF0346002B07D0FB681B6EA6
:1033400043F02002FB681A66032327E07B680093A2
:10335000BB6800228021F868FFF7C0FE0346002BFF
:1033600007D0FB681B6E43F02002FB681A6603233C
:1033700014E07B680093BB6800224FF4C061F868DA
:10338000FFF734FF0346002B07D0FB681B6E43F0AA
:103390002002FB681A66032300E00023184610375A
:1033A000BD4680BD80B582B000AF78607B68002BE1
:1033B00001D1012340E07B68DB6F002B06D17B68E5
:1033C000002283F878207868FDF726FC7B682422A9
:1033D000DA677B681B681A687B681B6822F0010249
:1033E0001A607B685B6A002B02D0786800F08EFF61
:1033F000786800F031FD0346012B01D101231BE069
:103400007B681B685A687B681B6822F490425A608C
:103410007B681B689A687B681B6822F02A029A60A6
:103420007B681B681A687B681B6842F001021A609F
:10343000786801F00DF8034618460837BD4680BD90
:1034400080B582B000AF78607B68002B01D101238A
:103450002FE07B682422DA677B681B681A687B6828
:103460001B6822F001021A607B681B6800221A6048
:103470007B681B6800225A607B681B6800229A6088
:103480007868FDF7C1FC7B680022C3F884207B6864
:103490000022DA677B680022C3F880207B68002264
:1034A0001A667B6800225A667B68002283F87820BF
:1034B000002318460837BD4680BD80B58AB002AFEC
:1034C000F860B9603B601346FB80FB68DB6F202B24
:1034D00040F08180BB68002B02D0FB88002B01D11B
:1034E000012379E0FB680022C3F88420FB682122D5
:1034F000DA67FDF767FD7861FB68FA88A3F850206A
:10350000FB68FA88A3F85220FB689B68B3F5805FDC
:1035100008D1FB681B69002B04D10023FB61BB6849
:10352000BB6103E0BB68FB610023BB6138E03B6823
:1035300000937B6900228021F86801F031F803468E
:10354000002B04D0FB682022DA67032344E0FB69E8
:10355000002B0BD1BB691B881A46FB681B68C2F3A2
:1035600008029A62BB690233BB6107E0FB691A7803
:10357000FB681B689A62FB690133FB61FB68DB6FC8
:1035800003F02103212B09D1FB68B3F852309BB221
:10359000013B9AB2FB68A3F8522001E001231BE033
:1035A000FB68B3F852309BB2002BC0D13B6800934C
:1035B0007B6900224021F86800F0F2FF0346002BEF
:1035C00004D0FB682022DA67032305E0FB68202291
:1035D000DA67002300E0022318462037BD4680BD8D
:1035E00080B58AB000AFF860B9601346FB80FB6815
:1035F000D3F88030202B37D1BB68002B02D0FB885A
:10360000002B01D1012330E0FB6800221A66FB6821
:103610001B68184A93421FD0FB681B685B6803F461
:103620000003002B18D0FB681B687B617B6953E8A3
:10363000003F3B613B6943F080637B62FB681B6832
:103640001A467B6A3B62FA61F9693A6A41E80023EB
:10365000BB61BB69002BE6D1FB881A46B968F868E4
:1036600001F00CF8034600E0022318462837BD4657
:1036700080BD00BF0080004080B59AB000AF786088
:103680007B681B68BB64BB6C53E8003F7B647B6C4E
:1036900023F490737B667B681B681A467B6E7B65A0
:1036A0003A65396D7A6D41E80023FB64FB6C002BB1
:1036B000E6D17B681B6808337B637B6B53E8003F74
:1036C0003B633B6B23F001033B667B681B6808335D
:1036D0003A6E3A64FB63F96B3A6C41E80023BB63D2
:1036E000BB6B002BE5D17B681B6E012B18D17B686F
:1036F0001B683B623B6A53E8003FFB61FB6923F0B8
:103700001003FB657B681B681A46FB6DFB62BA629F
:10371000B96AFA6A41E800237B627B6A002BE6D132
:103720007B681B689B6803F04003402B4BD17B6890
:103730001B680833FB60FB6853E8003FBB60BB6855
:1037400023F04003BB657B681B680833BA6DBA6120
:103750007B617969BA6941E800233B613B69002BD1
:10376000E5D17B685B6F002B13D07B685B6F214AD0
:103770009A637B685B6F1846FDF7D8FD0346002B04
:1037800032D07B685B6F9B6B7A68526F10469847AC
:103790002AE07B6800225A657B681B680F221A6248
:1037A0007B681B689A697B681B6842F008029A6113
:1037B0007B682022C3F880207B6800221A66786824
:1037C00000F034FB10E07B6800225A657B681B68C0
:1037D0000F221A627B682022C3F880207B680022B7
:1037E0001A66786800F022FB002318466837BD4649
:1037F00080BD00BFED48000880B5BAB000AF78606A
:103800007B681B68DB69C7F8E4307B681B681B6852
:10381000C7F8E0307B681B689B68C7F8DC30D7F8D6
:10382000E42040F60F031340C7F8D830D7F8D8305B
:10383000002B15D1D7F8E43003F02003002B0FD074
:10384000D7F8E03003F02003002B09D07B689B6E93
:10385000002B00F0CA827B689B6E78689847C4E2B0
:10386000D7F8D830002B00F01781D7F8DC3003F000
:103870000103002B06D1D7F8E020854B1340002B25
:1038800000F00A81D7F8E43003F00103002B11D0D7
:10389000D7F8E03003F48073002B0BD07B681B68F3
:1038A00001221A627B68D3F8843043F001027B68FE
:1038B000C3F88420D7F8E43003F00203002B11D0C2
:1038C000D7F8DC3003F00103002B0BD07B681B68BA
:1038D00002221A627B68D3F8843043F004027B68CA
:1038E000C3F88420D7F8E43003F00403002B11D090
:1038F000D7F8DC3003F00103002B0BD07B681B688A
:1039000004221A627B68D3F8843043F002027B6899
:10391000C3F88420D7F8E43003F00803002B17D055
:10392000D7F8E03003F02003002B05D1D7F8DC30C6
:1039300003F00103002B0BD07B681B6808221A627E
:103940007B68D3F8843043F008027B68C3F8842096
:10395000D7F8E43003F40063002B12D0D7F8E0303E
:1039600003F08063002B0CD07B681B684FF400626F
:103970001A627B68D3F8843043F020027B68C3F876
:1039800084207B68D3F88430002B00F03082D7F895
:10399000E43003F02003002B0DD0D7F8E03003F023
:1039A0002003002B07D07B689B6E002B03D07B6825
:1039B0009B6E786898477B68D3F88430C7F8D4301A
:1039C0007B681B689B6803F04003402B05D0D7F849
:1039D000D43003F02803002B4FD0786800F014FF98
:1039E0007B681B689B6803F04003402B41D17B68D8
:1039F0001B680833C7F89C30D7F89C3053E8003F69
:103A0000C7F89830D7F8983023F04003C7F8D03083
:103A10007B681B680833D7F8D020C7F8A820C7F800
:103A2000A430D7F8A410D7F8A82041E80023C7F89D
:103A3000A030D7F8A030002BD9D17B685B6F002B6A
:103A400013D07B685B6F134A9A637B685B6F184681
:103A5000FDF76CFC0346002B17D07B685B6F9B6BFC
:103A60007A68526F104698470FE0786800F0D4F9F2
:103A70000BE0786800F0D0F907E0786800F0CCF946
:103A80007B680022C3F88420B1E100BFAFE100BF32
:103A900020010004D14800087B681B6E012B40F018
:103AA0006A81D7F8E43003F01003002B00F0638143
:103AB000D7F8E03003F01003002B00F05C817B6846
:103AC0001B6810221A627B681B689B6803F0400326
:103AD000402B40F0D4807B685B6F1B685B68A7F865
:103AE000BE30B7F8BE30002B00F0AD807B68B3F875
:103AF0005830B7F8BE209A4280F0A5807B68B7F8AE
:103B0000BE20A3F85A207B685B6F1B681B6803F01C
:103B10002003002B40F086807B681B68C7F8883044
:103B2000D7F8883053E8003FC7F88430D7F884309E
:103B300023F48073C7F8B8307B681B681A46D7F83F
:103B4000B830C7F89430C7F89020D7F89010D7F85D
:103B5000942041E80023C7F88C30D7F88C30002B34
:103B6000DAD17B681B6808337B677B6F53E8003FC3
:103B70003B673B6F23F00103C7F8B4307B681B68D9
:103B80000833D7F8B420C7F88020FB67F96FD7F85F
:103B9000802041E80023BB67BB6F002BE1D17B682D
:103BA0001B6808333B663B6E53E8003FFB65FB6DCB
:103BB00023F04003C7F8B0307B681B680833D7F8A0
:103BC000B020FA66BB66B96EFA6E41E800237B66E8
:103BD0007B6E002BE3D17B682022C3F880207B68BA
:103BE00000221A667B681B68FB64FB6C53E8003F8D
:103BF000BB64BB6C23F01003C7F8AC307B681B6858
:103C00001A46D7F8AC30BB657A65796DBA6D41E874
:103C100000233B653B6D002BE4D17B685B6F18464E
:103C2000FDF743FB7B6802225A667B68B3F8582095
:103C30007B68B3F85A309BB2D31A9BB219467868A6
:103C400000F0FEF8D5E07B68B3F85830B7F8BE2036
:103C50009A4240F0CE807B685B6F1B681B6803F064
:103C60002003202B40F0C5807B6802225A667B68C7
:103C7000B3F858301946786800F0E2F8B9E07B688C
:103C8000B3F858207B68B3F85A309BB2D31AA7F820
:103C9000CE307B68B3F85A309BB2002B00F0AB807B
:103CA000B7F8CE30002B00F0A6807B681B68BB63A2
:103CB000BB6B53E8003F7B637B6B23F49073C7F8C7
:103CC000C8307B681B681A46D7F8C8307B643A64F2
:103CD000396C7A6C41E80023FB63FB6B002BE4D169
:103CE0007B681B6808337B627B6A53E8003F3B625A
:103CF0003B6A23F00103C7F8C4307B681B680833B4
:103D0000D7F8C4203A63FB62F96A3A6B41E80023B2
:103D1000BB62BB6A002BE3D17B682022C3F8802002
:103D20007B6800221A667B6800229A667B681B68A3
:103D30003B613B6953E8003FFB60FB6823F01003E5
:103D4000C7F8C0307B681B681A46D7F8C030FB61E3
:103D5000BA61B969FA6941E800237B617B69002B8C
:103D6000E4D17B6802225A66B7F8CE3019467868EB
:103D700000F066F83FE0D7F8E43003F48013002B3E
:103D80000ED0D7F8DC3003F48003002B08D07B681A
:103D90001B684FF480121A62786800F0ABFF2DE0C8
:103DA000D7F8E43003F08003002B0ED0D7F8E030D2
:103DB00003F08003002B08D07B68DB6E002B1CD047
:103DC0007B68DB6E7868984717E0D7F8E43003F03B
:103DD0004003002B12D0D7F8E03003F04003002B53
:103DE0000CD0786800F0A3FD08E000BF06E000BF3B
:103DF00004E000BF02E000BF00E000BFE837BD46BE
:103E000080BD00BF80B483B000AF786000BF0C37C6
:103E1000BD465DF8047B704780B483B000AF786026
:103E200000BF0C37BD465DF8047B704780B483B09B
:103E300000AF786000BF0C37BD465DF8047B70476B
:103E400080B483B000AF78600B467B8000BF0C3736
:103E5000BD465DF8047B70472DE9B04F8AB000AFD6
:103E6000F860002387F82230FB689A68FB681B69BA
:103E70001A43FB685B691A43FB68DB6913437B6287
:103E8000FB681B681A689E4B1340FA681268796ACF
:103E90000B431360FB681B685B6823F44051FB68AD
:103EA000DA68FB681B680A435A60FB689B697B629F
:103EB000FB681B68934A934204D0FB681B6A7A6ACA
:103EC00013437B62FB681B689B6823F43061FB68CB
:103ED0001B687A6A0A439A60FB681B688A4A9342A5
:103EE00026D18A4BD3F8883003F00303032B1BD869
:103EF00001A252F823F000BF093F0008193F000853
:103F0000113F0008213F0008012387F82330ABE070
:103F1000022387F82330A7E0042387F82330A3E0A7
:103F2000082387F823309FE0102387F823309BE095
:103F3000FB681B68764A934238D1744BD3F88830BB
:103F400003F00C030C2B2DD801A252F823F000BF74
:103F5000853F0008A53F0008A53F0008A53F0008D1
:103F6000953F0008A53F0008A53F0008A53F0008B1
:103F70008D3F0008A53F0008A53F0008A53F0008A9
:103F80009D3F0008002387F823306DE0022387F867
:103F9000233069E0042387F8233065E0082387F89D
:103FA000233061E0102387F823305DE0FB681B6855
:103FB000584A934225D1554BD3F8883003F030034B
:103FC000302B16D0302B18D8202B0AD0202B14D809
:103FD000002B02D0102B08D00FE0002387F82330ED
:103FE00042E0022387F823303EE0042387F82330A1
:103FF0003AE0082387F8233036E0102387F823308F
:1040000032E0FB681B683F4A93422AD13F4BD3F80A
:10401000883003F44063B3F5406F1AD0B3F5406FB6
:104020001BD8B3F5006F0CD0B3F5006F15D8002B7B
:1040300003D0B3F5806F08D00FE0002387F823305A
:1040400012E0022387F823300EE0042387F82330A0
:104050000AE0082387F8233006E0102387F823308E
:1040600002E0102387F82330FB681B68254A93423F
:1040700040F08A8097F82330082B24D801A252F808
:1040800023F000BFA9400008C7400008B140000865
:10409000C7400008B7400008C7400008C7400008F4
:1040A000C7400008BF400008FEF726FAF86110E09C
:1040B000194BFB610DE0FEF787F9F86109E04FF459
:1040C0000043FB6105E00023FB61012387F82230F8
:1040D00000BFFB69002B00F00981FB685A6813469A
:1040E0005B001344FA699A4205D3FB685B681B03C3
:1040F000FA699A4212D9012387F82230F6E000BF0C
:10410000F369FFEF008000400038014000100240DA
:1041100000440040004800400024F400FB690022F5
:104120001C4615464FF000024FF000032B0243EAF5
:1041300014632202F96849684908002088468146CC
:1041400012EB080A43EB090BFB685B6800223B603B
:104150007A60D7E9002350465946FCF791F80246A9
:104160000B461346BB61BB69B3F5407F08D3BB69FF
:10417000B3F5801F04D2FB681B68BA69DA60B5E04A
:10418000012387F82230B1E0FB68DB69B3F5004F0B
:104190005DD197F82330082B27D801A252F823F0DD
:1041A000C5410008CD410008D5410008EB41000899
:1041B000DB410008EB410008EB410008EB4100083F
:1041C000E3410008FEF798F9F86114E0FEF7AAF958
:1041D000F86110E04C4BFB610DE0FEF7F5F8F8617B
:1041E00009E04FF40043FB6105E00023FB6101237C
:1041F00087F8223000BFFB69002B77D0FB695A009B
:10420000FB685B685B081A44FB685B68B2FBF3F30E
:10421000BB61BB690F2B16D9BB69B3F5803F12D2C6
:10422000BB699BB223F00F03FB82BB695B089BB2A7
:1042300003F007039AB2FB8A1343FB82FB681B68F7
:10424000FA8ADA6052E0012387F822304EE097F8CC
:104250002330082B27D801A252F823F0814200080E
:104260008942000891420008A742000897420008CE
:10427000A7420008A7420008A74200089F42000882
:10428000FEF73AF9F86114E0FEF74CF9F86110E036
:104290001D4BFB610DE0FEF797F8F86109E04FF464
:1042A0000043FB6105E00023FB61012387F8223016
:1042B00000BFFB69002B19D0FB685B685A08FB69DB
:1042C0001A44FB685B68B2FBF3F3BB61BB690F2B5D
:1042D00009D9BB69B3F5803F05D2BB699AB2FB68C7
:1042E0001B68DA6002E0012387F82230FB680022B5
:1042F0009A66FB680022DA6697F82230184628375B
:10430000BD46BDE8B08F00BF0024F40080B483B088
:1043100000AF78607B685B6A03F00803002B0AD06B
:104320007B681B685B6823F400417B685A6B7B6881
:104330001B680A435A607B685B6A03F00103002B29
:104340000AD07B681B685B6823F400317B689A6A3B
:104350007B681B680A435A607B685B6A03F0020350
:10436000002B0AD07B681B685B6823F480317B6874
:10437000DA6A7B681B680A435A607B685B6A03F0F1
:104380000403002B0AD07B681B685B6823F4802140
:104390007B681A6B7B681B680A435A607B685B6AA0
:1043A00003F01003002B0AD07B681B689B6823F482
:1043B00080517B689A6B7B681B680A439A607B68B4
:1043C0005B6A03F02003002B0AD07B681B689B68A4
:1043D00023F400517B68DA6B7B681B680A439A60A0
:1043E0007B685B6A03F04003002B1AD07B681B6874
:1043F0005B6823F480117B681A6C7B681B680A4336
:104400005A607B681B6CB3F5801F0AD17B681B6800
:104410005B6823F4C0017B685A6C7B681B680A43A5
:104420005A607B685B6A03F08003002B0AD07B68CC
:104430001B685B6823F400217B689A6C7B681B68AF
:104440000A435A6000BF0C37BD465DF8047B7047D5
:1044500080B598B002AF78607B680022C3F88420F2
:10446000FCF7B0FD78657B681B681B6803F00803E8
:10447000082B2ED16FF07E4300937B6D00224FF40A
:104480000011786800F08CF80346002B21D07B687F
:104490001B68BB63BB6B53E8003F7B637B6B23F004
:1044A00080033B657B681B681A463B6D7B643A64FE
:1044B000396C7A6C41E80023FB63FB6B002BE6D17F
:1044C0007B682022DA677B68002283F87820032348
:1044D00062E07B681B681B6803F00403042B49D16E
:1044E0006FF07E4300937B6D00224FF4800178686B
:1044F00000F056F80346002B3CD07B681B687B62BB
:104500007B6A53E8003F3B623B6A23F49073FB6491
:104510007B681B681A46FB6C3B63FA62F96A3A6B6C
:1045200041E80023BB62BB6A002BE6D17B681B68B5
:1045300008333B613B6953E8003FFB60FB6823F0B5
:104540000103BB647B681B680833BA6CFA61BB610A
:10455000B969FA6941E800237B617B69002BE5D1E9
:104560007B682022C3F880207B68002283F87820B3
:10457000032311E07B682022DA677B682022C3F8DE
:1045800080207B6800221A667B6800225A667B685E
:10459000002283F87820002318465837BD4680BD96
:1045A00080B584B000AFF860B9603B601346FB7122
:1045B0004FE0BB69B3F1FF3F4BD0FCF703FD024670
:1045C0003B68D31ABA699A4202D3BB69002B01D166
:1045D00003234EE0FB681B681B6803F00403002BF9
:1045E00037D0BB68802B34D0BB68402B31D0FB6800
:1045F0001B68DB6903F00803082B10D1FB681B68FC
:1046000008221A62F86800F0FFF8FB680822C3F875
:104610008420FB68002283F87820012329E0FB68CE
:104620001B68DB6903F40063B3F5006F11D1FB680D
:104630001B684FF400621A62F86800F0E5F8FB6846
:104640002022C3F88420FB68002283F8782003230B
:104650000FE0FB681B68DA69BB681340BA689A42CE
:104660000CBF01230023DBB21A46FB799A42A0D08B
:10467000002318461037BD4680BD000080B497B0B7
:1046800000AFF860B9601346FB80FB68BA685A65F2
:10469000FB68FA88A3F85820FB68FA88A3F85A2028
:1046A000FB6800229A66FB689B68B3F5805F0ED1B9
:1046B000FB681B69002B05D1FB6840F2FF12A3F8D1
:1046C0005C202DE0FB68FF22A3F85C2028E0FB685B
:1046D0009B68002B0DD1FB681B69002B04D1FB6884
:1046E000FF22A3F85C201BE0FB687F22A3F85C207C
:1046F00016E0FB689B68B3F1805F0DD1FB681B6916
:10470000002B04D1FB687F22A3F85C2008E0FB6843
:104710003F22A3F85C2003E0FB680022A3F85C20A2
:10472000FB680022C3F88420FB682222C3F88020A3
:10473000FB681B680833FB63FB6B53E8003FBB63FC
:10474000BB6B43F001037B65FB681B6808337A6D24
:10475000BA647B64796CBA6C41E800233B643B6CBF
:10476000002BE5D1FB689B68B3F5805F07D1FB6840
:104770001B69002B03D1FB68214A9A6602E0FB68A3
:10478000204A9A66FB681B69002B19D0FB681B68DE
:10479000BB62BB6A53E8003F7B627B6A43F4907361
:1047A000FB64FB681B681A46FB6C7B633A63396BDE
:1047B0007A6B41E80023FB62FB6A002BE6D118E02C
:1047C000FB681B687B617B6953E8003F3B613B6989
:1047D00043F020033B65FB681B681A463B6D3B6258
:1047E000FA61F9693A6A41E80023BB61BB69002BB1
:1047F000E6D1002318465C37BD465DF8047B704760
:104800003D4B00088549000880B495B000AF786042
:104810007B681B687B637B6B53E8003F3B633B6BB0
:1048200023F49073FB647B681B681A46FB6C3B6443
:10483000FA63F96B3A6C41E80023BB63BB6B002B56
:10484000E6D17B681B6808333B623B6A53E8003F54
:10485000FB61FB6923F00103BB647B681B680833C1
:10486000BA6CFA62BB62B96AFA6A41E800237B62F9
:104870007B6A002BE5D17B681B6E012B18D17B680E
:104880001B68FB60FB6853E8003FBB60BB6823F01C
:1048900010037B647B681B681A467B6CBB617A6182
:1048A0007969BA6941E800233B613B69002BE6D195
:1048B0007B682022C3F880207B6800221A667B6810
:1048C00000229A6600BF5437BD465DF8047B7047EE
:1048D00080B584B000AF78607B689B6AFB60F86845
:1048E000FFF79AFA00BF1037BD4680BD80B584B08F
:1048F00000AF78607B689B6AFB60FB681B680F22D7
:104900001A62FB681B689A69FB681B6842F0080220
:104910009A61FB682022C3F88020FB6800221A6697
:10492000F868FFF783FA00BF1037BD4680BD80B539
:1049300088B000AF78607B681B68FB60FB6853E859
:10494000003FBB60BB6823F04003FB617B681B68D2
:104950001A46FB69BB617A617969BA6941E800234B
:104960003B613B69002BE6D17B682022DA677B68DC
:104970000022DA667868FFF745FA00BF2037BD46A7
:1049800080BD000080B59CB000AF78607B68B3F854
:104990005C30A7F86E307B68D3F88030222B40F073
:1049A000BE807B681B685B6AA7F86C30B7F86C3018
:1049B000D9B2B7F86E30DAB27B685B6D0A40D2B21A
:1049C0001A707B685B6D5A1C7B685A657B68B3F80C
:1049D0005A309BB2013B9AB27B68A3F85A207B689D
:1049E000B3F85A309BB2002B40F0A1807B681B6863
:1049F000FB64FB6C53E8003FBB64BB6C23F4907317
:104A0000BB667B681B681A46BB6EBB657A65796DB1
:104A1000BA6D41E800233B653B6D002BE6D17B6816
:104A20001B680833BB63BB6B53E8003F7B637B6B46
:104A300023F001037B667B681B6808337A6E7A6417
:104A40003B64396C7A6C41E80023FB63FB6B002B01
:104A5000E5D17B682022C3F880207B6800229A661B
:104A60007B6800225A667B681B68334A93421FD0DA
:104A70007B681B685B6803F40003002B18D07B681D
:104A80001B687B627B6A53E8003F3B623B6A23F012
:104A900080633B667B681B681A463B6E3B63FA6229
:104AA000F96A3A6B41E80023BB62BB6A002BE6D18E
:104AB0007B681B6E012B2ED17B6800221A667B68F7
:104AC0001B683B613B6953E8003FFB60FB6823F0D8
:104AD0001003FB657B681B681A46FB6DFB61BA61BE
:104AE000B969FA6941E800237B617B69002BE6D153
:104AF0007B681B68DB6903F01003102B03D17B6814
:104B00001B6810221A627B68B3F85830194678681F
:104B1000FFF796F90BE0786800F0F6F807E07B689D
:104B20001B689A697B681B6842F008029A6100BFA3
:104B30007037BD4680BD00BF0080004080B59CB08E
:104B400000AF78607B68B3F85C30A7F86E307B68A4
:104B5000D3F88030222B40F0BE807B681B685B6AF4
:104B6000A7F86C307B685B6DBB66B7F86C20B7F854
:104B70006E3013409AB2BB6E1A807B685B6D9A1CD4
:104B80007B685A657B68B3F85A309BB2013B9AB296
:104B90007B68A3F85A207B68B3F85A309BB2002B8D
:104BA00040F0A1807B681B68BB64BB6C53E8003F8E
:104BB0007B647B6C23F490737B667B681B681A466E
:104BC0007B6E7B653A65396D7A6D41E80023FB6445
:104BD000FB6C002BE6D17B681B6808337B637B6B27
:104BE00053E8003F3B633B6B23F001033B667B686C
:104BF0001B6808333A6E3A64FB63F96B3A6C41E820
:104C00000023BB63BB6B002BE5D17B682022C3F87C
:104C100080207B6800229A667B6800225A667B6847
:104C20001B68334A93421FD07B681B685B6803F4A0
:104C30000003002B18D07B681B683B623B6A53E87B
:104C4000003FFB61FB6923F08063FB657B681B68A9
:104C50001A46FB6DFB62BA62B96AFA6A41E8002340
:104C60007B627B6A002BE6D17B681B6E012B2ED109
:104C70007B6800221A667B681B68FB60FB6853E850
:104C8000003FBB60BB6823F01003BB657B681B68FB
:104C90001A46BB6DBB617A617969BA6941E8002344
:104CA0003B613B69002BE6D17B681B68DB6903F045
:104CB0001003102B03D17B681B6810221A627B68DB
:104CC000B3F8583019467868FFF7BAF80BE07868FF
:104CD00000F01AF807E07B681B689A697B681B681C
:104CE00042F008029A6100BF7037BD4680BD00BF28
:104CF0000080004080B483B000AF786000BF0C3704
:104D0000BD465DF8047B704780B582B000AF786027
:104D10007B681B680B4A934203D10B4803F0B0FD3C
:104D20000BE07B681B68094A934206D1084B93F855
:104D300048311946064803F0CFFE00BF0837BD468C
:104D400080BD00BF00480040F00200200038014054
:104D50000004002080B483B000AF0346FB71124B07
:104D60001B78132B19D8114B1B781946104AFB7965
:104D700053540E4B1B780133DAB20C4B1A700B4BA9
:104D80001B78132B02D9094B00221A70064B1B7893
:104D90000133DAB2044B1A7000E000BF0C37BD4695
:104DA0005DF8047B704700BFEE020020ED0200209A
:104DB000D802002080B483B000AF7860134B1B781A
:104DC000002B01D100231AE0114B1B7819467B6898
:104DD000104A525C1A700E4B1B780133DAB20C4B3E
:104DE0001A700B4B1B78132B02D9094B00221A7037
:104DF000064B1B78013BDAB2044B1A7001231846AC
:104E00000C37BD465DF8047B704700BFEE02002002
:104E1000EC020020D802002080B584B000AF034629
:104E2000FB71FB79013B082B00F2B38001A252F821
:104E300023F000BF594E0008614E0008694E00087B
:104E4000714E0008694F0008994E0008E54E0008B1
:104E5000ED4E00085B4F0008504801F0D1FA99E090
:104E60004E4801F0ECFA95E04C4801F0D9FA91E097
:104E70004B4B1B78002B06D14A4B1B8819464748E1
:104E800001F0EDFA86E0484B1B7801339BB21946DE
:104E9000424801F0FDFA7DE0444B1B7807EE903A62
:104EA000B8EEE77A414B5B7807EE903AF8EEE77A96
:104EB000DFED3F6A67EEA67A37EE277A3B4B9B78A9
:104EC00007EE903AF8EEE77ADFED3A6A67EEA67AF7
:104ED00077EE277AC7ED027A97ED020A2F4801F0A4
:104EE00025FB57E02D4801F00DFB53E0324B5B787A
:104EF00007EE903AF8EEE77A9FED307A27EE877A60
:104F00002D4B9B7807EE903AF8EEE77AF2EE046AC2
:104F100067EEA67A37EE277A274BDB7807EE903AD2
:104F2000F8EEE77A77EE277AC7ED037A224B1B7803
:104F3000002B0CD0D7ED037AF5EE407AF1EE10FAA3
:104F400005D0D7ED037AF1EE677AC7ED037A97EDD6
:104F5000030A124801F0C3FA1CE0194B1B781946EA
:104F60000E4801F0A6FA15E00D4B1B78002B09D175
:104F70000C4B1B88DAB2134B1A700A4B1A88114B70
:104F80005A8007E0084B1B7801339AB20D4B9A8088
:104F900000E000BF00BF1037BD4680BDF00200201A
:104FA0009D0500203E00002040000020440000201D
:104FB000CDCCCC3D0AD7233CA40500200000C8423C
:104FC000AE0500200004002080B582B000AF03468B
:104FD000FB71354BB3F80231042B01D800235EE09E
:104FE000314BB3F802311946304803F015FA034645
:104FF000002B01D1002352E02B4B9B78012B01D0D9
:1050000000234CE0FB79013B082B47D801A252F862
:1050100023F000BF395000085550000871500008B7
:105020008D5000089D5000088D5000088D500008DC
:105030008D5000088D5000081B4BDB78032B01D0EE
:1050400000232CE0184B1B790C2B01D0002326E009
:10505000012324E0144BDB78032B01D000231EE056
:10506000114B1B79082B01D0002318E0012316E017
:105070000D4BDB78032B01D0002310E00A4B1B798A
:10508000022B01D000230AE0012308E0064BDB7865
:10509000102B01D0002302E0012300E0002318467A
:1050A0000837BD4680BD00BFF0020020F20200209C
:1050B00080B582B000AF6D4B1B78002B00F0AC8048
:1050C0006B4B93F80C31002B00F08580684B00226D
:1050D00083F80C21674B1B781846FFF775FF0346D2
:1050E000002B17D1624B0022A3F802215F4B002254
:1050F0001A70604B1B78032B40F2AD805E4B002290
:105100001A705E4B03221A70FBF75CFF03465C4A81
:105110001360A0E0564BDB78032B48D1554B1B782E
:10512000012B1ED10021524801F013FAF0EE407A13
:10513000544BC3ED007A02214D4801F00AFAF0EE1B
:10514000407A514BC3ED007A0421494801F001FA3D
:10515000F0EE407A4D4BC3ED007A4D4B01221A70B0
:1051600025E0444B1B78022B12D10021404801F06E
:10517000F0F9F0EE407A474BC3ED007A02213C484B
:1051800001F0E7F9F0EE407A434BC3ED007A0EE010
:10519000384B1B78032B0AD10021354801F0EBF97D
:1051A0000346DAB23D4B1A70394B01221A70304B6C
:1051B0000022A3F802212D4B00221A702D4B1B78E0
:1051C000032B4AD92D4B02221A70FBF7FBFE034634
:1051D0002B4A136041E0FBF7F5FE0246304B1B689B
:1051E000D31AB3F5FA7F3AD3204B00221A70204B22
:1051F0000022A3F802211E4B002283F80C211D4B34
:105200001B78032B2BD91D4B03221A70FBF7DAFEF8
:1052100003461B4A136022E03B1D1846FFF7CAFDF8
:105220000346002B1DD03A79124B1A70114B1B7894
:105230001846FFF7F1FD0D4B01221A70FBF7C2FE75
:105240000346174A13600B4B1B78032B0AD90B4BF1
:1052500001221A7006E000BF04E000BF02E000BFB8
:1052600000E000BF0837BD4680BD00BFCD02002072
:10527000F0020020EF02002064050020CC02002094
:10528000D40200204C0500205405002058050020C1
:105290003C0000205C05002060050020B0050020D7
:1052A000D002002080B58AB000AF0346FB71062112
:1052B000AF4803F041FE87ED060A0E21AC4803F02B
:1052C0003BFE87ED050A1021A94803F035FE87ED66
:1052D000040AA84B1B78002B10D10D21A44803F021
:1052E00051FE0346002B14BF01230023DBB21A46F4
:1052F000A14B1A70A04B1A78A04B1A70D7ED057A03
:10530000FCEEE77AC7ED007A3B78DAB29C4B1A7074
:10531000D7ED057AB2EE047A67EE877AFCEEE77A8B
:1053200017EE903A9AB2974BA3FB0213D9080B469B
:105330009B000B445B00D31A9BB2DAB2904B5A70BD
:10534000D7ED057A9FED907A67EE877AFCEEE77AE3
:1053500017EE903A9AB28B4BA3FB0213D9080B4677
:105360009B000B445B00D31A9BB2DAB2844B9A7059
:10537000D7ED047AFCEEE77AC7ED007A3B78DAB233
:10538000824B1A70D7ED047AB2EE047A67EE877A10
:10539000FCEEE77A17EE903A9AB27A4BA3FB02132F
:1053A000D9080B469B000B445B00D31A9BB2DAB2C0
:1053B000764B5A70D7ED047A9FED737A67EE877A51
:1053C000FCEEE77A17EE903A9AB26E4BA3FB02130B
:1053D000D9080B469B000B445B00D31A9BB2DAB290
:1053E0006A4B9A70634B1B78002B0BD1684B644A55
:1053F0001188927819809A70664B644A1188927865
:1054000019809A70644B1B78002B0BD1FBF7DAFDE7
:105410000346B3F57A6F05D30320FFF79BFC5E4B81
:1054200001221A705D4803F0A3FA514803F084FB8F
:10543000FFF73EFEFBF7C6FD0246594B1B68D31A29
:10544000B3F57A7F07D3FBF7BDFD0346544A1360DB
:105450000120FFF77FFCFBF7B5FD0246514B1B68AF
:10546000D31A42F20F72934207D9FBF7ABFD034602
:105470004C4A13600220FFF76DFCD7ED067AB1EEBF
:105480000E7AF4EEC77AF1EE10FA02DD464B7B623B
:1054900001E0464B7B62D7ED067A9FED457A37EE09
:1054A000C77AD7ED097A67EE277AB7EE007A37EE3A
:1054B000877A404BD3ED007A67EE277AC7ED087AFA
:1054C000D7ED087AF5EEC07AF1EE10FA02D54FF07A
:1054D00000033B6297ED080A0221254803F0EDFC2A
:1054E000354BD3ED007AB0EE670A0421204803F073
:1054F000E4FC324A3B6A13603B6AFB600023FB77A3
:105500001D4B1B78012B17D12D4B1B78002B13D172
:1055100097ED037AD7ED057AB4EEE77AF1EE10FA5B
:1055200008DC97ED037AD7ED047AB4EEE77AF1EE72
:1055300010FA01D50123FB77FB7F002B48D0FBF746
:1055400041FD02461F4B1B68D31A41F2873293423A
:1055500047D9FBF737FD03461A4A13601A4B01225D
:105560001A70FBF72FFD0346184A136039E000BF9D
:1055700000040020AA050020AC050020AB05002097
:1055800050000020CDCCCCCC0000C84254000020FC
:10559000480000204C0000206D050020F002002093
:1055A0007005002074050020CDCCCC3D9A99193EA1
:1055B000C3F5F0404C0500205805002050050020A0
:1055C0006C050020780500207C0500208005002067
:1055D000254B00221A7000224FF400512348FCF79B
:1055E00053F9214B1B78002B1AD0214B1B78002B31
:1055F00016D101224FF400511C48FCF745F9FBF786
:10560000E1FC02461B4B1B68D31AC72B08D9164B6B
:1056100000221A7000224FF400511448FCF734F9AC
:10562000134B1B78012B19D1FBF7CCFC0246124B14
:105630001B68D31ABB60BB68C72B06D801224FF486
:1056400000510A48FCF720F908E0094B02221A70C1
:1056500000224FF400510548FCF716F900231846C4
:105660002837BD4680BD00BF7C05002000080048EB
:1056700064050020800500206805002080B582B008
:1056800000AF0346FB7100F087FF624B1B78002BD5
:105690006CD002F0DBF85F4B1B78012B0ED15E4A19
:1056A00014210A2002F02EFD5C4B01221A70002208
:1056B0004FF400515A48FCF7E7F82AE0554B1B78A5
:1056C000022B14D1574A14210A2002F01BFD534B20
:1056D00001221A70544B1B78002B1AD1524B012215
:1056E0001A70FBF76FFC0346504A136011E0494BF8
:1056F0001B78032B0DD14E4A14210A2002F002FD23
:10570000464B01221A7000224FF400514448FCF726
:10571000BBF8404B1B78012B26D0464B1B68002B57
:1057200004D1FBF74FFC0346424A1360FBF74AFCE7
:105730000246404B1B68D31AB3F57A7F14D3354B1E
:1057400000221A703B4B00221A60374B00221A705D
:10575000324B00221A7000224FF400513048FCF7FF
:1057600093F8354B02221A7000234FE0314B002290
:105770001A60314B1A78314B1B789A4206D0304B65
:1057800001221A702C4B1A782C4B1A702A4B1B785A
:10579000082B37D801A252F823F000BFC1570008E8
:1057A000D5570008DB570008E1570008E757000805
:1057B000ED570008F3570008F9570008FF57000895
:1057C0001F4B1B78002B1FD000F006FF1C4B002244
:1057D0001A7019E001F0FEF817E001F069F914E021
:1057E00001F0DCF911E001F079FA0EE001F08EFB36
:1057F0000BE001F07BFC08E001F082FD05E001F028
:1058000003FE02E000BF00E000BF00231846083797
:10581000BD4680BDCC020020E89900086C05002040
:1058200000080048F499000864050020680500207D
:10583000FC990008840500208805002090050020C0
:105840003C00002080B582B000AF0346FB712021F0
:105850002548FCF701F80346002B0AD100BF2021A0
:105860002148FBF7F9FF0346002BF8D000F096F82B
:1058700034E002211D48FBF7EFFF0346002B0AD15D
:1058800000BF02211948FBF7E7FF0346002BF8D0C1
:1058900000F0D8FB22E004211448FBF7DDFF0346AB
:1058A000002B0AD100BF04211048FBF7D5FF0346A7
:1058B000002BF8D000F07CFA10E001210B48FBF738
:1058C000CBFF0346002B09D100BF01210748FBF79E
:1058D000C3FF0346002BF8D000F002FD002318465A
:1058E0000837BD4680BD00BF0008004800040048DE
:1058F00090B583B000AF0023FB7136E0FB791F4AFF
:105900001B01134401331B78012B2BD1FB791B4A5C
:105910001B01134404331B68002B11D0FBF752FB0F
:105920000246FB7915491B010B4404331B68D21A4C
:10593000FB7912491B010B4408331B689A4211D3AF
:10594000FC79FBF73FFB02460C4923010B4404336F
:105950001A60FB79094A1B0113440C331B68FA795E
:1059600010469847FB790133FB71FB79022BC5D9AF
:10597000002318460C37BD4690BD00BF0C00002028
:1059800080B582B000AF0346FB71FB791846FFF784
:10599000E1F900BF0837BD4680BD000080B582B088
:1059A00000AF8D4B1B78072B00F2D78101A252F874
:1059B00023F000BFD5590008DD5900082B5A000814
:1059C000AB5A0008C95A0008315B00086B5B00083D
:1059D000355D0008804B01221A70C5E17F4B93F9B9
:1059E0000030032B17D17D4B00221A7004227C4912
:1059F0007C4803F04FFB0346002B03D1764B022279
:105A00001A7002E0744B00221A70042200217548BB
:105A100003F050FBA8E1714B93F90030DBB2013386
:105A2000DBB25AB26D4B1A709EE16F4B1B78052B9F
:105A300034D801A252F823F0515A00085F5A0008E6
:105A4000795A0008875A0008955A00089D5A00089C
:105A5000664B00221A70664B00221A701EE0654BDE
:105A600001221A70644B00221A70644B00221A70D3
:105A7000634B00221A7011E0624B00221A70624BD5
:105A800000221A700AE0614B00221A70604B00225B
:105A90001A7003E05F4B00221A7000BF524B1B7854
:105AA0000333DAB24C4B1A705EE1514B1B78002B7A
:105AB00003D14F4B01221A7056E14D4B00221A7050
:105AC0000420FFF75DFF4FE14A4B1B78002B0ED1FE
:105AD0004A4B1B78002B03D1484B01221A703EE140
:105AE000464B00221A700720FFF74AFF37E1424B6E
:105AF0001B78002B06D1404B01221A70404B00222C
:105B00001A702CE13E4B93F90030DBB20133DBB26B
:105B10005AB23B4B1A703A4B93F90030022B40F3C8
:105B20001E81354B00221A700620FFF729FF16E16F
:105B3000354B1B78002B06D1334B01221A70364BA4
:105B400000221A700DE1344B1B780133DAB2324B6C
:105B50001A70314B1B78032B40F203812A4B002231
:105B60001A700820FFF70CFFFBE0294B1B78002B75
:105B70000ED1274B01221A70244B1B78002B03D126
:105B8000264B00221A70EEE0244B00221A70EAE045
:105B90001E4B1B78002B4FD11D4B00221A70204B3F
:105BA0001A78204B1A701E4B1B78002B14BF012350
:105BB0000023DBB21A460D211B4803F0A5F91B4B4D
:105BC00000221A701A4B02221A70FBF7FBF90346E7
:105BD000184A1360C7E000BF880500209C0500201C
:105BE0009805002094050020890500209D050020CF
:105BF0009E050020410000209F050020A1050020F7
:105C0000A0050020A2050020A3050020A905002072
:105C1000AA050020AF050020A8050020AD05002042
:105C2000AB050020AC050020000400206405002026
:105C3000CC020020D40200204D4B1B780133DAB295
:105C40004B4B1A704A4B1B78022B40F28C80494B0D
:105C500000221A70484B494A1188927819809A702C
:105C6000474B484A1188927819809A70434B1B78A9
:105C700007EE903AB8EEE77A404B5B7807EE903A41
:105C8000F8EEE77ADFED406A67EEA67A37EE277A1C
:105C90003A4B9B7807EE903AF8EEE77ADFED3B6AF5
:105CA00067EEA67A77EE277AC7ED017A354B1B7837
:105CB00007EE903AB8EEE77A324B5B7807EE903A0F
:105CC000F8EEE77ADFED306A67EEA67A37EE277AEC
:105CD0002C4B9B7807EE903AF8EEE77ADFED2B6AD3
:105CE00067EEA67A77EE277AC7ED007A97ED010A7C
:105CF0000E21274803F0E1F897ED000A102124480F
:105D000003F0DBF8234B1B78002B14BF0123002387
:105D1000DBB21A460D211E4803F0F6F81E4B002296
:105D20001A701E4B02221A70FBF74CF903461C4AEC
:105D3000136018E01B4B1B78002B03D1194B012279
:105D40001A7011E0174B00221A700920FFF718FE95
:105D5000154B1A78154B1A7006E000BF04E000BF1F
:105D600002E000BF00E000BF00BF0837BD4680BDB5
:105D7000AD050020AA0500205000002048000020AA
:105D8000540000204C000020CDCCCC3D0AD7233C51
:105D900000040020AB05002064050020CC02002098
:105DA000D4020020AF050020AE050020B005002081
:105DB00080B400AF8B4B1B78012B09D18A4B93F930
:105DC00000308A4AD25C0132D1B2884AD15404E10F
:105DD000844B1B78022B0ED1854B1B78002B03D1F3
:105DE000834B05221A70F8E0814B1B78013BDAB235
:105DF0007F4B1A70F1E07B4B1B78032B2DD17D4B31
:105E00001B78002B21D07C4B1B78002B0ED17B4BB9
:105E10001B8801339AB2794B1A80784B1B88F72B79
:105E200040F2DB80754B01221A80D6E0744B1B7860
:105E30000133DAB2724B1A70714B1B78082B40F2A7
:105E4000CC806F4B00221A70C7E06B4B1B7883F03D
:105E50000103DAB2684B1A70BFE0624B1B78042B67
:105E600028D1684B1B78002B19D0674B93F9003071
:105E7000664AD25C0132D1B2644AD154624B93F982
:105E800000301A46614B9B5C092B40F2A6805E4BAA
:105E900093F900301A465D4B002199549DE05C4B0C
:105EA0001B7883F00103DAB2594B1A70594B002268
:105EB0001A7092E04B4B1B78052B26D1564B1B7862
:105EC000002B00F08A80554B1B78002B07D1544BD8
:105ED0001B7883F00103DAB2514B1A707DE04F4B0F
:105EE0001B784F4AD25C0132D1B24D4AD1544B4B50
:105EF0001B781A464A4B9B5C092B6ED9474B1B7883
:105F00001A46474B0021995467E0364B1B78062B05
:105F10004ED1444B1B78002B3BD0434B1B78002BBE
:105F200007D1424B1B7883F00103DAB23F4B1A7062
:105F300053E03D4B1B78012B15D13D4B1B783D4A5F
:105F4000D25C0132D1B23B4AD154394B1B781A464C
:105F5000384B9B5C092B40D9354B1B781A46354B87
:105F60000021995439E0324B1B78334AD25C01321C
:105F7000D1B2314AD1542E4B1B781A462E4B9B5C22
:105F8000092B2AD92A4B1B781A462B4B00219954EE
:105F900023E0254B1B78002B03D1234B02221A70E0
:105FA0001BE0214B1B78013BDAB21F4B1A7014E047
:105FB0000C4B1B78072B10D1204B1B78002B0CD0DF
:105FC0001F4B1B780133DAB21D4B1A701C4B1B7828
:105FD000072B02D91A4B00221A7000BFBD465DF88C
:105FE000047B7047880500209C0500209405002054
:105FF000890500209E0500209D0500203E00002010
:10600000400000209F050020A00500204400002043
:1060100041000020A1050020A3050020A8050020C4
:10602000A4050020AA050020A9050020AB0500203A
:10603000AD050020480000204C000020AF050020E6
:10604000AE05002080B400AF8D4B1B78012B09D129
:106050008C4B93F900308C4AD25C013AD1B28A4A17
:10606000D15407E1864B1B78022B0ED1874B1B784E
:106070000133DAB2854B1A70844B1B78052B40F242
:10608000F980824B00221A70F4E07D4B1B78032BC1
:106090002DD17F4B1B78002B21D07E4B1B78002B02
:1060A0000ED17D4B1B88012B03D17B4BF7221A802D
:1060B000E0E0794B1B88013B9AB2774B1A80D9E01C
:1060C000764B1B78002B03D1744B08221A70D1E059
:1060D000724B1B78013BDAB2704B1A70CAE06D4B01
:1060E0001B7883F00103DAB26A4B1A70C2E0644B8A
:1060F0001B78042B28D16A4B1B78002B19D0694BD5
:1061000093F900301A46684B9B5C002B07D1654B16
:1061100093F900301A46644B09219954AAE0614B67
:1061200093F90030604AD25C013AD1B25E4AD15450
:10613000A0E05E4B1B7883F00103DAB25B4B1A7070
:106140005B4B00221A7095E04D4B1B78052B27D135
:10615000584B1B78002B00F08D80574B1B78002B81
:1061600007D1564B1B7883F00103DAB2534B1A70F8
:1061700080E0514B1B781A46504B9B5C002B06D19C
:106180004D4B1B781A464D4B0921995472E04A4BEE
:106190001B784A4AD25C013AD1B2484AD15469E0EC
:1061A000374B1B78062B4FD1454B1B78002B3DD02E
:1061B000444B1B78002B07D1434B1B7883F0010322
:1061C000DAB2414B1A7055E03E4B1B78012B16D1C9
:1061D0003E4B1B781A463E4B9B5C002B06D13B4B3B
:1061E0001B781A463A4B0921995443E0374B1B78E8
:1061F000374AD25C013AD1B2354AD1543AE0334BF6
:106200001B781A46334B9B5C002B06D12F4B1B7817
:106210001A46304B092199542CE02C4B1B782D4AFF
:10622000D25C013AD1B22B4AD15423E0254B1B78E2
:106230000133DAB2234B1A70224B1B78022B19D987
:10624000204B00221A7015E00D4B1B78072B11D143
:10625000214B1B78002B0DD0204B1B78002B03D13A
:106260001E4B07221A7005E01C4B1B78013BDAB26B
:106270001A4B1A7000BFBD465DF8047B704700BF23
:10628000880500209C050020940500208905002039
:106290009E0500209D0500203E00002040000020BB
:1062A0009F050020A00500204400002041000020A0
:1062B000A1050020A3050020A8050020A4050020BA
:1062C000AA050020A9050020AB050020AD0500208F
:1062D000480000204C000020AF050020AE05002043
:1062E00080B500AF3D4B1B78032B0BD13C4B1B788B
:1062F000002B03D03A4B00221A706DE0374B02227C
:106300001A7069E0354B1B78042B0ED1354B1B7886
:10631000002B06D0334B00221A70334B00221A7028
:106320005AE02E4B02221A7056E02C4B1B78052B9C
:106330000BD12E4B1B78002B03D02C4B00221A7054
:106340004AE0264B02221A7046E0244B1B78062BAB
:106350000BD1274B1B78002B03D0254B00221A7042
:106360003AE01E4B02221A7036E01C4B1B78072BBA
:106370000BD1204B1B78002B03D01E4B00221A7030
:106380002AE0164B02221A7026E0144B1B78022BCF
:106390000BD1124B00221A7004220021164802F081
:1063A00089FE164B00221A7016E00C4B1B78012B4D
:1063B0000BD10A4B00221A70042200210E4802F071
:1063C00079FE0E4B00221A7006E0044B1B78032B5B
:1063D00002D9024B02221A7000BF80BD880500203E
:1063E0009E0500209F050020A1050020A305002098
:1063F000AA050020AF050020940500209C05002080
:1064000080B582B000AF786006234FF4807201211E
:10641000786802F0E0F8034618460837BD4680BDAC
:1064200080B582B000AF78600123922201217868A4
:1064300002F0D1F8034618460837BD4680BD80B546
:1064400082B000AF786004234FF4047201217868B1
:1064500002F0C1F8034618460837BD4680BD80B536
:1064600082B000AF78600B467B807B88002B02D027
:106470007B88F72B01D9012306E07B8810220121BC
:10648000786802F0D5F8034618460837BD4680BD47
:1064900080B582B000AF78600B467B807B880F228E
:1064A0000121786802F0C4F8034618460837BD4653
:1064B00080BD80B582B000AF78600B467B807B8862
:1064C000072B01D9012306E07B88922201217868FD
:1064D00002F0AEF8034618460837BD4680BD80B5C9
:1064E00082B000AF786087ED000A97ED000A96222F
:1064F0000121786802F0CFF8034618460837BD46F8
:1065000080BD000080B582B000AF78609FED060AC4
:106510004FF408720121786802F0BDF8034618466E
:106520000837BD4680BD00BF0000000080B582B0C6
:1065300000AF786087ED000A97ED000A40F2222252
:106540000121786802F0A7F8034618460837BD46CF
:1065500080BD80B582B000AF78600B467B807B88C1
:106560001946786802F0FDF8F0EE407AB0EE670A5E
:106570000837BD4680BD80B582B000AF78600B465D
:106580007B807B881946786802F0C1F8034618467C
:106590000837BD4680BD000080B500AFFAF712FD98
:1065A00002460B4B1B68D31AB3F5967F0ED3FAF74E
:1065B00009FD0346064A1360064B1B78002B0CBFEF
:1065C00001230023DBB21A46024B1A7000BF80BDC4
:1065D0008C0500208A05002080B590B002AF01F044
:1065E00035F9012300930A2380220A21002001F0BB
:1065F000AFF9BB4A0121052001F084FDB94A2321EE
:10660000552001F07FFDB84BD3ED007A9FEDB77AAE
:1066100067EE877AB6EE007A77EE877AFDEEE77A54
:1066200017EE903A7B637B6B002B01DA00237B63D0
:106630007B6B42F20F72934202DD42F20F737B6377
:106640007B6BAB4A82FB03125211DB17D31ABB627E
:106650007B6BA74A82FB03125111DA178A1A642155
:1066600001FB02F29B1A7B6200233B63BB6A632B34
:1066700043DDBB6A9E4A82FB03125211DB17D31A19
:10668000DAB23B6B591C39633032D2B238333B44F7
:1066900003F8282CBB6A974A82FB03129210DB177F
:1066A000D21A944B83FB02139910D317C91A0B46C5
:1066B0009B000B445B00D11ACAB23B6B591C396377
:1066C0003032D2B238333B4403F8282CBA6A894BB3
:1066D00083FB02139910D317C91A0B469B000B4476
:1066E0005B00D11ACAB23B6B591C39633032D2B24B
:1066F00038333B4403F8282C35E0BB6A092B27DDEF
:10670000BB6A7C4A82FB03129210DB17D31ADAB2FF
:106710003B6B591C39633032D2B238333B4403F8F7
:10672000282CBA6A734B83FB02139910D317C91A2A
:106730000B469B000B445B00D11ACAB23B6B591C41
:1067400039633032D2B238333B4403F8282C0AE0A4
:10675000BB6ADAB23B6B591C39633032D2B2383380
:106760003B4403F8282C3B6B5A1C3A6338333B44B8
:106770002E2203F8282C7B6A5E4A82FB03129210B9
:10678000DB17D31ADAB23B6B591C39633032D2B201
:1067900038333B4403F8282C7A6A564B83FB0213A8
:1067A0009910D317C91A0B469B000B445B00D11AF2
:1067B000CAB23B6B591C39633032D2B238333B44D6
:1067C00003F8282C3B6B5A1C3A6338333B440022B5
:1067D00003F8282C07F110031A4616211E2001F099
:1067E000AFFC454A3721052001F08CFC434BD3ED2B
:1067F000007AB2EE047A67EE877AB6EE007A77EE28
:10680000877AFDEEE77A17EE903AFB62FB6A002B7F
:1068100001DA0023FB62FB6AB3F57A7F02DB40F208
:10682000E733FB62FB6A334A82FB03129210DB17E9
:10683000D31A3B62FA6A2F4B83FB02139910D317CA
:10684000C91A0B469B000B445B00D31AFB61002363
:106850003B633B6A632B53DD3B6A254A82FB031291
:106860005211DB17D31ADAB23B6B591C3963303241
:10687000D2B238333B4403F8342C3B6A1D4A82FBC6
:1068800003129210DB17D21A1A4B83FB02139910D2
:10689000D317C91A0B469B000B445B00D11ACAB22E
:1068A0003B6B591C39633032D2B238333B4403F866
:1068B000342C3A6A0F4B83FB02139910D317C91A71
:1068C0000B469B000B445B00D11ACAB23B6B591CB0
:1068D00039633032D2B238333B4403F8342C45E0CC
:1068E000049A00080C9A0008500500200000C842D5
:1068F0001F85EB5167666666149A000858050020EC
:106900003B6A092B27DD3B6A304A82FB0312921057
:10691000DB17D31ADAB23B6B591C39633032D2B26F
:1069200038333B4403F8342C3A6A284B83FB021378
:106930009910D317C91A0B469B000B445B00D11A60
:10694000CAB23B6B591C39633032D2B238333B4444
:1069500003F8342C0AE03B6ADAB23B6B591C39630A
:106960003032D2B238333B4403F8342C3B6B5A1CE0
:106970003A6338333B442E2203F8342CFB69DAB2F5
:106980003B6B591C39633032D2B238333B4403F885
:10699000342C3B6B5A1C3A6338333B44002203F8D7
:1069A000342C3B1D1A463721322001F0ABFB084A3C
:1069B00037215C2001F0A6FB01230122372158205A
:1069C00001F056F800BF3837BD4680BD6766666681
:1069D0001C9A000880B586B002AF00F037FF2F4A3E
:1069E0000121052001F08EFB012300930A23802260
:1069F0000A21002000F0ACFF294A0F21192001F0E4
:106A000081FB0023FB602EE0264AFB6813441B78C1
:106A10003033D9B23A1DFB6813440A461A703A1D46
:106A2000FB6813441B78392B0AD93A1DFB681344C1
:106A300030221A701B4AFB68134400221A700FE0C0
:106A40003A1DFB6813441B782F2B09D83A1DFB68AD
:106A5000134439221A70134AFB68134409221A702E
:106A6000FB680133FB60FB68032BCDDD00233B7229
:106A70000D4B1B78002B07D10C4B93F900301033D2
:106A80003B44202203F80C2C3B1D1A461E213220C9
:106A900001F038FB00BF1037BD4680BD209A0008CA
:106AA000289A0008940500208A0500209C050020F3
:106AB00080B582B002AF00F0C9FE01230093082325
:106AC00080220821002000F043FF2B4A00210520EE
:106AD00001F018FB294B1B78002B03D1284B1B78A6
:106AE000002B04D0274A0A21052001F00BFB234B81
:106AF0001B78012B03D1224B1B78002B04D0224A98
:106B00001221052001F0FEFA1C4B1B78022B03D149
:106B10001B4B1B78002B04D01C4A1A21052001F0C6
:106B2000F1FA164B1B78032B03D1154B1B78002B66
:106B300004D0174A2221052001F0E4FA0F4B1B78FC
:106B4000042B03D10E4B1B78002B04D0114A2A21B1
:106B5000052001F0D7FA094B1B78052B03D1084B10
:106B60001B78002B04D00C4A3221052001F0CAFA10
:106B700000BFBD4680BD00BF389A000889050020CF
:106B80008A050020409A0008509A00085C9A000884
:106B9000689A0008749A0008809A000880B58CB042
:106BA00002AF00F053FE012300930A2380220A2142
:106BB000002000F0CDFE3E4A0021052001F0A2FA9F
:106BC0003C4B1B78002B13D03B4B1B78002B0FD179
:106BD0003A4B1B78002B0BD107F11403384A92E88B
:106BE000030018600433198002330A0C1A7007E09E
:106BF000344B1B8807F11400334A142102F0F2F9D8
:106C00002C4B1B78002B0FD12B4B1B78002B03D167
:106C10002A4B1B78002B0ED007F114031A461421BF
:106C2000052001F06FFA06E007F114031A4614215B
:106C3000052001F067FA1F4B1B78002B10D01E4B6C
:106C40001B78012B0CD11D4B1B78002B08D13B4628
:106C50001E4A07CA03C31A800233120C1A700AE0D4
:106C60001B4B1B781A461B4B53F8223038461A4AE6
:106C7000142102F0B7F90F4B1B78002B0ED10E4BED
:106C80001B78012B03D10D4B1B78002B0CD03B46FE
:106C90001A461E21052001F035FA05E03B461A464A
:106CA0001E21052001F02EFA00BF2837BD4680BD09
:106CB000909A00089E0500209D0500208A0500206E
:106CC0009C9A00083E000020A49A0008AC9A000894
:106CD000400000203C9C0008B89A000880B594B0A1
:106CE00002AF00F0B3FD012300930A2380220A21A2
:106CF000002000F02DFE784A0021052001F002FA64
:106D000053233B776C237B776F23BB777023FB7711
:106D1000652387F82030202387F82130702387F8F7
:106D200022306F2387F82330692387F824306E23BD
:106D300087F82530742387F826303A2387F82730E0
:106D4000202387F82830654B1B783033DBB287F877
:106D500029302E2387F82A30604B5B783033DBB242
:106D600087F82B305D4B9B783033DBB287F82C30C3
:106D7000002387F82D305A4B1B78002B29D0594B14
:106D80001B78012B25D1584B1B78002B19D1574B61
:106D900093F90030002B03D1202387F8293010E02D
:106DA000524B93F90030012B03D1202387F82B306D
:106DB00007E04E4B93F90030022B02D1202387F8D5
:106DC0002C3007F11C031A461421052001F09AF912
:106DD0000EE0444B1B78012B03D1434B1B78002B57
:106DE00006D007F11C031A461421052001F08AF988
:106DF0003C4B1B78002B03D13B4B1B78002B0ED058
:106E00003B4B1B78002B05D03A4A2321052001F08B
:106E100079F904E0384A2321052001F073F9374B52
:106E2000D3ED007AF5EEC07AF1EE10FA10DB334BB9
:106E3000D3ED007A9FED327A67EE877AB6EE007A6C
:106E400077EE877AFDEEE77A17EE903A7B640FE0F3
:106E50002A4BD3ED007A9FED2A7A67EE877AB6EE59
:106E6000007A77EEC77AFDEEE77A17EE903A7B6408
:106E70007B6C002BB8BF5B423B643B6C214A82FBBE
:106E800003125211DB17D31AFB633B6C1D4A82FBC2
:106E900003125111DA178A1A642101FB02F29B1ABC
:106EA000BB637B6C002B01DA2D2200E02B223846DD
:106EB000BB6B0193FB6B00931346134A192102F03D
:106EC00091F83B461A463721052001F01BF900BF17
:106ED0004837BD4680BD00BFC49A0008440000206A
:106EE0009F050020410000208A050020A005002009
:106EF000A1050020CC9A0008E09A00085405002063
:106F00000000C8421F85EB51F49A000880B59CB080
:106F100002AF00F09BFC012300930A2380220A2188
:106F2000002000F015FD674A0021052001F0EAF875
:106F30004F2387F84430662387F84530662387F867
:106F40004630732387F84730652387F84830742329
:106F500087F849303A2387F84A30202387F84B30A6
:106F6000594B1B78002B01D02D2300E02B2387F8F1
:106F70004C30554B5B783033DBB287F84D30524B99
:106F80009B783033DBB287F84E304F4BDB783033B1
:106F9000DBB287F84F30202387F850306D2387F815
:106FA0005130562387F85230002387F85330474B2F
:106FB0001B78002B2BD0464B1B78002B1FD1454B49
:106FC0001B78032B1AD801A252F823F0DD6F0008BA
:106FD000E56F0008ED6F0008F56F0008202387F8C3
:106FE0004C300CE0202387F84D3008E0202387F850
:106FF0004E3004E0202387F84F3000E000BF07F157
:1070000044031A461421052001F07CF80EE0304BB1
:107010001B78002B03D1304B1B78002B06D007F1D7
:1070200044031A461421052001F06CF82B4BD3EDD4
:10703000007AF5EEC07AF1EE10FA0CDB274BD3EDB7
:10704000007AB6EE007A77EE877AFDEEE77A17EEF1
:10705000903A7B660BE0214BD3ED007AB6EE007AD6
:1070600077EEC77AFDEEE77A17EE903A7B6607F186
:1070700024007B6E1A4A1E2101F0B4FF07F124039D
:107080001A462621052001F03DF8164BD3ED007A73
:10709000B6EE007A77EE877AFDEEE77A17EE903A51
:1070A0003B66381D3B6E104A1E2101F09BFF3B1DC5
:1070B0001A463221052001F025F800BF6837BD4689
:1070C00080BD00BF049B0008A4050020A30500208C
:1070D0008A050020A8050020A205002060050020E8
:1070E0000C9B00085C050020209B000880B592B036
:1070F00002AF00F0ABFB012300930A2380220A2198
:10710000002000F025FC6F4A0021052000F0FAFF66
:107110006D4B1B78002B01D06C4B00E06C4B381D85
:107120006C4A142101F05EFF6B4B1B7819466A4BC9
:107130005B781A46684B9B7807F12C00019300920C
:107140000B46664A142101F04DFF654B1B7819462A
:10715000634B5B781A46624B9B7807F118000193EA
:1071600000920B465F4A142101F03CFF5E4B1B78F6
:10717000002B25D15D4B1B78002B0AD15C4B1B7873
:10718000002B23D03B1D1A461421052000F0BAFF26
:107190001CE0574B1B78002B0BD14B4B1B78002B63
:1071A00001D0544A00E0544A3B1D1146184601F0F4
:1071B000B5FF3B1D1A461421052000F0A3FF05E092
:1071C0003B1D1A461421052000F09CFF464B1B78FE
:1071D000012B30D1454B1B78002B0BD1444B1B7836
:1071E000002B2FD007F12C031A461E21052000F09A
:1071F00089FF27E03E4B1B78002B14D13F4B1B78B7
:10720000002B02D1202387F833303C4B1B78012B15
:1072100002D1202387F83530384B1B78022B02D15E
:10722000202387F8363007F12C031A461E2105204B
:1072300000F068FF06E007F12C031A461E21052026
:1072400000F060FF284B1B78022B2FD1274B1B78B7
:10725000002B0BD1264B1B78002B2ED007F11803E7
:107260001A462821052000F04DFF26E0204B1B7810
:10727000002B13D1214B1B78002B01D12023FB774E
:107280001E4B1B78012B02D1202387F821301B4B8A
:107290001B78022B02D1202387F8223007F1180334
:1072A0001A462821052000F02DFF06E007F11803FB
:1072B0001A462821052000F025FF00BF4037BD46B3
:1072C00080BD00BF349B0008AB0500203C9B00083C
:1072D000409B0008449B000848000020509B000889
:1072E0004C000020609B0008A9050020AA05002092
:1072F0008A050020709B00087C9B0008AD050020DB
:1073000080B58EB002AF00F0A1FA012300930A23EA
:1073100080220A21002000F01BFB344A00210520B6
:1073200000F0F0FE324B1B78002B02D0314B1B7863
:1073300001E0314B1B7887F8273097F827302F4A28
:1073400032F8133038462E4A1E2101F04BFE284BEE
:107350001B78002B3BD02B4B1B78002B30D13B46AE
:107360001846F8F735FF03463B620023FB6221E035
:107370003A46FB6A13441B782D2B18D1FB6A013364
:10738000BB6207E03A46BB6A134420221A70BB6A0C
:107390000133BB623A46BB6A13441B782F2B0ED9CC
:1073A0003A46BB6A13441B78392BEBD907E0FB6ADA
:1073B0000133FB62FA6A3B6A9A42D9DB00E000BF04
:1073C0003B461A461E21052000F09CFE09E00D4BAD
:1073D0001B78002B05D03B461A461E21052000F0E5
:1073E00091FE00BF3037BD4680BD00BF889B0008BE
:1073F000AF050020AE050020B0050020609C00080D
:10740000909B00088A05002080B582B002AF00F092
:107410001DFA012300930A2380220A21002000F094
:1074200097FA094A0021052000F06CFE074A19214D
:107430000F2000F067FE064A32210F2000F062FEA6
:1074400000BFBD4680BD00BFA09B0008AC9B0008EC
:10745000B89B000880B582B000AF0346FB710022E4
:1074600040210B48FAF710FA00224FF480710848C7
:10747000FAF70AFAFB79184600F030F901224021A8
:107480000348FAF701FA00BF0837BD4680BD00BFC8
:107490000008004880B582B000AF0346FB710022AF
:1074A00040210B48FAF7F0F901224FF480710848A7
:1074B000FAF7EAF9FB79184600F010F901224021A9
:1074C0000348FAF7E1F900BF0837BD4680BD00BFA9
:1074D0000008004880B582B000AF0346FB718120F0
:1074E000FFF7B8FFFB793F2B03D93F20FFF7B2FF2F
:1074F00004E0FB791846FFF7ADFF00BF0837BD4633
:1075000080BD80B582B000AF0346FB71FB7903F00C
:107510000F03DBB263F04F03DBB21846FFF79AFFAD
:1075200000BF0837BD4680BD80B582B000AF0346BE
:10753000FB71FB79184600F008F8FB79184600F05B
:1075400016F800BF0837BD4680BD80B582B000AFD9
:107550000346FB71FB791B09DBB243F01003DBB27E
:107560001846FFF777FF00BF0837BD4680BD80B5DE
:1075700082B000AF0346FB71FB7903F00F03DBB26F
:107580001846FFF767FF00BF0837BD4680BD000003
:1075900080B582B000AF0023FB7138E0214B1B683F
:1075A0005B781A46FB790133DB009A422BDA1D4BDC
:1075B0001B68DB781A46FB79DB009A422BDBFB79F0
:1075C0001846FFF79EFF174B1B681B781846FFF7FE
:1075D000ABFF144B1B681B78BB710DE0124B1B6893
:1075E000FA79D101BA790A4413441B781846FFF797
:1075F00051FFBB790133BB710A4B1B689B78BA7989
:107600009A42EBD900E000BFFB790133FB71FB79B3
:107610000F2BC3D900E000BF00F0E8F800BF083727
:10762000BD4680BDBC090020B809002080B500AF70
:10763000002240211448FAF727F9E220FFF70AFF59
:10764000A220FFF707FFA020FFF704FFC820FFF7E5
:1076500001FFA420FFF7FEFE4020FFF7FBFE2520E0
:10766000FFF7F8FE8120FFF7F5FE1920FFF7F2FE85
:107670001420FFF72FFF2F20FFF7ECFEAF20FFF7BE
:10768000E9FE00BF80BD00BF0008004880B500AF24
:10769000002240210E48FAF7F7F801224FF48071DA
:1076A0000B48FAF7F1F8012280210948FAF7ECF8C3
:1076B0001420F9F793FC0749074800F0DBF800F0C5
:1076C0002BF8FFF7B3FF00F0ABF800BF80BD00BFA1
:1076D00000080048B4090020B405002080B582B03D
:1076E00000AF0346FB71002240210948FAF7CCF8AD
:1076F000F91D4FF0FF3301220648FBF778FB01220A
:1077000040210348FAF7C0F800BF0837BD4680BDE6
:1077100000080048C400002080B500AF002280218E
:107720000748FAF7B1F81420F9F758FC0122802134
:107730000348FAF7A9F81420F9F750FC00BF80BD00
:107740000008004890B482B000AF044608461146D5
:107750001A462346FB710346BB710B467B711346E9
:107760003B7197F90730002B01DA7F23FB7197F902
:107770000530002B01DA7F237B71BB793F2B01D9C8
:107780003F23BB713B793F2B01D93F233B71164B04
:107790001B681B78FA799A4203D2134B1B68FA795B
:1077A0001A70114B1B689B787A799A4203D90E4B59
:1077B0001B687A799A700C4B1B685B78BA799A428D
:1077C00003D2094B1B68BA795A70074B1B68DB78E8
:1077D0003A799A4203D9044B1B683A79DA7000BFB0
:1077E0000837BD4690BC7047BC09002080B400AF8C
:1077F0000A4B1B687F221A70084B1B6800229A7084
:10780000064B1B683F225A70044B1B680022DA703B
:1078100000BFBD465DF8047B704700BFBC09002077
:1078200080B500AF084B1B684FF4806200211846FA
:1078300001F040FC3F237F2200210020FFF782FF60
:10784000FFF7A6FE00BF80BDB809002080B500AFDD
:10785000074B1B684FF480620021184601F02AFC98
:107860003F237F2200210020FFF76CFF00BF80BD77
:10787000B809002080B483B000AF78603960064A50
:107880007B681360054A3B68136000BF0C37BD4638
:107890005DF8047B704700BFB8090020BC090020D8
:1078A00080B582B000AF0346FB710B46BB71134637
:1078B0007B7197F90730002B43DBBB793F2B40D816
:1078C0007B79002B1AD0FA79BB79DB08D8B2034652
:1078D000DB0113441D4AD35C5AB2BB7903F00703A2
:1078E000012101FA03F35BB2134359B2FA7903465B
:1078F000DB011344C9B2154AD1541BE0FA79BB79B4
:10790000DB08D8B20346DB011344104AD35C5AB2F9
:10791000BB7903F00703012101FA03F35BB2DB43F8
:107920005BB2134059B2FA790346DB011344C9B282
:10793000064AD154BB79FA79B979F879FFF702FF91
:1079400000E000BF0837BD4680BD00BFB405002081
:1079500090B587B000AF0446084611461A46234644
:10796000FB710346BB710B467B7113463B713A7941
:10797000BB79D31A83EAE372A2EBE3727979FB79DC
:10798000CB1A002BB8BF5B429A42CCBF0123002325
:10799000DBB27B757B7D002B0BD0FB793B75BB7914
:1079A000FB713B7DBB717B79FB743B797B71FB7C0D
:1079B0003B71FA797B799A420BD9FB79BB747B795D
:1079C000FB71BB7C7B71BB797B743B79BB717B7C2E
:1079D0003B713B797A79B979F879FFF7B3FE7A7917
:1079E000FB79D31A3B743A79BB79D31A002BB8BF11
:1079F0005B42FB733B7C5B08DBB2FB75BA793B797E
:107A00009A4202D20123BB7529E0FF23BB7526E011
:107A10007B7D002B07D097F82820F979BB79184691
:107A2000FFF73EFF06E097F82820B979FB79184662
:107A3000FFF736FFFA7DFB7BD31ADBB2FB7597F9B4
:107A40001730002B08DABA7DBB791344BB71FA7D7D
:107A50003B7C1344DBB2FB75FB790133FB71FA7994
:107A60007B799A42D4D900BF00BF1C37BD4690BD78
:107A700090B585B000AF0446084611461A46234625
:107A8000FB710346BB710B467B7113463B717B79DF
:107A9000C3F10103DBB2FB730123BB737B791A468D
:107AA000D201D31A5B00DBB27B7300233B737B797B
:107AB000FB72FA797B79D31AD8B2BA797B79D31A67
:107AC000D9B2FA797B791344DCB2BA797B79134461
:107AD000DBB22246FFF736FEBA797B791344D9B27E
:107AE0003A79FB791846FFF7DBFEBA797B79D31A2E
:107AF000D9B23A79FB791846FFF7D2FEFA797B7949
:107B00001344DBB23A79B9791846FFF7C9FEFA791E
:107B10007B79D31ADBB23A79B9791846FFF7C0FE00
:107B200081E097F90F30002B0EDB97F90B30DBB2B9
:107B3000013BDBB2FB727B7B0233DBB27B73FA7BF4
:107B40007B7B1344DBB2FB7397F90C30DBB2013360
:107B5000DBB23B73BB7B0233DBB2BB73FA7BBB7B19
:107B60001344DBB2FB733A7BFB791344D8B2FA7A45
:107B7000BB791344DBB23A791946FFF791FE3B7BA0
:107B8000FA79D31AD8B2FA7ABB791344DBB23A79CC
:107B90001946FFF785FE3A7BFB791344D8B2FB7A8E
:107BA000BA79D31ADBB23A791946FFF779FE3B7BF3
:107BB000FA79D31AD8B2FB7ABA79D31ADBB23A7906
:107BC0001946FFF76DFEFA7AFB791344D8B23A7B77
:107BD000BB791344DBB23A791946FFF761FEFB7AB1
:107BE000FA79D31AD8B23A7BBB791344DBB23A792B
:107BF0001946FFF755FEFA7AFB791344D8B23B7B5E
:107C0000BA79D31ADBB23A791946FFF749FEFB7A03
:107C1000FA79D31AD8B23B7BBA79D31ADBB23A7964
:107C20001946FFF73DFE97F90C2097F90B309A4261
:107C3000FFF677AF00BF00BF1437BD4690BD000010
:107C400080B483B000AF7860084611461A460346F8
:107C5000FB700B46BB7013467B700C4A7B6813604D
:107C60000A4AFB781371094ABB785371074A7B783B
:107C70009371064A3B7CD371044B01221A7200BFF8
:107C80000C37BD465DF8047B704700BFC00900207B
:107C900080B58AB000AF0346FB710B46BB7113463B
:107CA0007B71AE4B9B797A799A4204D3AB4BDB79EB
:107CB0007A799A4201D92E237B71A84B1B7A002B2B
:107CC00063D1002387F8273056E0A44B1A687B79EC
:107CD000A24989795B1AA149097901FB03F3194685
:107CE00097F827300B4413441B787B72002387F8E6
:107CF000263038E0FA7997F8273013447F2B05DCDB
:107D0000BA7997F8263013443F2B01DD0023C5E1F3
:107D10007A7A97F8263042FA03F303F00103002B36
:107D20000ED0FA7997F827301344D8B2BA7997F879
:107D300026301344DBB201221946FFF7B1FD0DE0F6
:107D4000FA7997F827301344D8B2BA7997F82630E1
:107D50001344DBB200221946FFF7A2FD97F8263044
:107D6000013387F8263097F82630072BC2D997F8C9
:107D70002730013387F82730784B1B7997F8272075
:107D80009A42A2D3754B1B7988E1744B1B7A012B65
:107D900040F0B980714B5B7903F00703DBB2002B35
:107DA00007D06E4B5B79DB08DBB2013387F82430F8
:107DB00004E06A4B5B79DB0887F82430674B1B795A
:107DC00097F8242012FB03F3DBB201337B74634B7F
:107DD0001B687A7961498979521A797C01FB02F230
:107DE0001344FB60FB681B78FB72FB680133FB608C
:107DF000002387F825307EE0002387F823306FE0EA
:107E000097F8253097F8242002FB03F31A4697F8D9
:107E100023301344FA6813441B78BB72002387F89D
:107E2000223054E0FA7997F8253013447F2B09DC8F
:107E3000BA7997F82330DB001A4497F822301344BC
:107E40003F2B01DD002329E197F82330DA0097F872
:107E500022301344414A5279934232DABA7A97F87F
:107E6000223042FA03F303F00103002B14D0FA7915
:107E700097F825301344D8B297F82330DB00DAB2F4
:107E8000BB791344DAB297F822301344DBB20122F3
:107E90001946FFF705FD15E0FA7997F825301344E8
:107EA000D8B297F82330DB00DAB2BB791344DAB2E8
:107EB00097F822301344DBB200221946FFF7F0FC9A
:107EC00000E000BF97F82230013387F8223097F89E
:107ED0002230072BA6D997F82330013387F82330B7
:107EE00097F8232097F824309A4289D397F82530C1
:107EF000013387F8253097F82520FB7A9A42FFF462
:107F00007BAFFB7ACAE0154B1B7A022B40F0C58091
:107F1000124B5B79DB08DBB20133BB760F4B1B796D
:107F2000BA7E12FB03F37B760C4B1B687A790B4904
:107F30008979521A797E01FB02F213447B61074B67
:107F40001B7987F82130002387F820300023BB7786
:107F500000237B7700237B7715E000BFC00900205A
:107F6000504B1B795A1E97F82030D31ADBB27A7F18
:107F700012FB03F3BB74BB7C7A6913441B78BB7799
:107F80007B7F01337B777A7FBB7E9A42E8D3BB7FCE
:107F9000002B0ED197F82130013B87F8213097F85C
:107FA0002130002B07D097F82030013387F820309C
:107FB000CCE700BF00E000BF0023FB7766E00023B2
:107FC0003B775BE0FB7F374A127902FB03F31A46EB
:107FD0003B7F13447A6913441B78FB740023FB76C0
:107FE00046E0FA793B7F13447F2B07DCBA79FB7FAD
:107FF000DB001A44FB7E13443F2B01DD00234DE0E0
:10800000FB7FDA00FB7E1344264A527993422BDA37
:10801000FA7CFB7E42FA03F303F00103002B11D03C
:10802000FA793B7F1344D8B2FB7FDB00DAB2BB792D
:108030001344DAB2FB7E1344DBB201221946FFF788
:108040002FFC12E0FA793B7F1344D8B2FB7FDB00B0
:10805000DAB2BB791344DAB2FB7E1344DBB20022FE
:108060001946FFF71DFC00E000BFFB7E0133FB76E5
:10807000FB7E072BB5D93B7F01333B773A7F97F8DF
:1080800021309A429ED3FB7F0133FB77FA7FBB7E80
:108090009A4294D397F8213000E0002318462837FD
:1080A000BD4680BDC009002080B584B000AF034646
:1080B0003A60FB710B46BB71BA79114B5B79C3F126
:1080C0003F039A4217DC11E03B681A78B979FB79D3
:1080D0001846FFF7DDFD0346FB73FA7BFB7913447B
:1080E000DBB20133FB713B6801333B603B681B78BB
:1080F000002BE9D100E000BF1037BD4680BD00BFB6
:10810000C009002080B584B002AF03463A60FB711D
:108110000B46BB717F2300932023072205210748CC
:1081200000F02CF8B979FB793A681846FFF7BCFFE4
:10813000FFF72EFA00BF0837BD4680BD709C0008CF
:1081400080B584B002AF03463A60FB710B46BB7149
:10815000392300932E2315220F210748FFF770FDC6
:10816000B979FB793A681846FFF79EFFFFF710FAD6
:1081700000BF0837BD4680BD509E000880B483B064
:1081800000AF7860084611461A460346FB700B465E
:10819000BB7013467B700C4A7B6813600A4AFB78FD
:1081A0001371094ABB785371074A7B789371064A69
:1081B0003B7CD371044B00221A7200BF0C37BD46C2
:1081C0005DF8047B704700BFC009002080B483B015
:1081D00000AF0346FB71FB79002B02D0012B02D0CC
:1081E00003E0054B02E0054B00E0002318460C3786
:1081F000BD465DF8047B7047B801002040020020B6
:1082000080B582B000AF0346FB71FB791846FFF7DB
:10821000DDFF034618460837BD4680BD80B500AF78
:10822000002000F025F8012000F022F800BF80BDFA
:1082300080B582B000AF0346FB71FB79002B02D002
:10824000012B06D00CE0012220210748F9F71CFB86
:1082500006E001224FF480510448F9F715FB00BFF6
:1082600000BF0837BD4680BD000400480008004834
:1082700080B582B000AF0346FB71FB79002B02D0C2
:10828000012B06D00CE0002220210748F9F7FCFA68
:1082900006E000224FF480510448F9F7F5FA00BFD8
:1082A00000BF0837BD4680BD0004004800080048F4
:1082B00080B584B000AF03463960FB71FB79184686
:1082C000FFF784FFF860FB68002B01D1012309E070
:1082D000FB791846FFF7CCFF01223968F868FBF7F5
:1082E0007FF9034618461037BD4680BD80B584B07F
:1082F00000AF03463960FB71FB791846FFF766FF54
:10830000F860FB68002B01D1012309E0FB683A68A3
:108310005A60F868FBF794F8F868FBF743F80346EF
:1083200018461037BD4680BD80B584B000AF034607
:10833000FB71FB791846FFF749FFF860FB68002BDB
:1083400008D000BFFB681B68DB6903F04003402BCB
:10835000F8D100E000BF1037BD4680BD80B485B0C5
:1083600000AF78600B467B804FF6FF73FB810023E4
:10837000BB8126E0BB897A6813441B781A46FB89C7
:108380005340FB8100237B8115E0FB8903F001034F
:10839000002B0AD0FB895B08FB81FB8983F4BF4378
:1083A00083F07E03DB43FB8102E0FB895B08FB81FA
:1083B0007B8901337B817B89072BE6D9BB8901331C
:1083C000BB81BA897B889A42D4D3FB89184614377B
:1083D000BD465DF8047B704780B584B000AF78601F
:1083E0000B467B807B8819467868FFF7B7FF03460A
:1083F000FB817B887A681344FA89D2B21A70FB89B0
:108400001B0A99B27B8801337A681344CAB21A7086
:1084100000BF1037BD4680BD80B584B000AF786026
:108420000B467B807B88022B01D8002322E07B88CF
:10843000023B9BB219467868FFF790FF0346FB8129
:108440007B88023B7A6813441B78BB817B88013BA5
:108450007A6813441B781BB21B021AB2B7F90C30AE
:1084600013431BB2BB81FA89BB899A4201D1012314
:1084700000E0002318461037BD4680BDB0B5B0B04F
:1084800000AF78600B467B800023C7F8BC303C4BC4
:1084900007F10C041D460FCD0FC42B68237007F1A4
:1084A00020033849184600F0D3FD0246D7F8BC3007
:1084B0001344C7F8BC300023C7F8B83039E0D7F808
:1084C000B8307A6813441B7887F8B73097F8B7301C
:1084D0001B09DBB203F00F02D7F8BC30591CC7F8F8
:1084E000BC10C0323A4412F8B42CC0333B4403F8F9
:1084F000A02C97F8B73003F00F02D7F8BC30591C06
:10850000C7F8BC10C0323A4412F8B42CC0333B4414
:1085100003F8A02CD7F8BC305A1CC7F8BC20C033D5
:108520003B44202203F8A02CD7F8B8300133C7F819
:10853000B8307B88D7F8B8209A42C0DBD7F8BC3077
:108540005A1CC7F8BC20C0333B440D2203F8A02CB2
:10855000D7F8BC305A1CC7F8BC20C0333B440A22B1
:1085600003F8A02CD7F8BC309AB207F1200164239D
:108570000548FAF7A2FF00BFC037BD46B0BD00BF37
:10858000D49B0008CC9B00083001002080B584B04B
:1085900000AFF860B9601346FB80FB881946B868E5
:1085A000FFF71AFFFB8802339BB21946B868FFF742
:1085B00065FFFB8802339BB21A46B968F86800F081
:1085C0008AF90346002B01D0012300E0002318465E
:1085D0001037BD4680BD80B586B000AFF860084654
:1085E00011461A460346FB720B463B811346FB803D
:1085F000FB7A3B7403237B743B891B0A9BB2DBB27F
:10860000BB743B89DBB2FB74FB881B0A9BB2DBB2F9
:108610003B75FB88DBB27B7507F110030622194618
:10862000F868FFF7B3FF034618461837BD4680BD0C
:1086300080B588B000AFF860084611461A46034678
:10864000FB720B463B811346FB80FB7A3B75102384
:108650007B753B891B0A9BB2DBB2BB753B89DBB2E6
:10866000FB7500233B7601237B760223BB76FB88D8
:108670001B0A9BB2DBB2FB76FB88DBB23B7707F1D0
:10868000140309221946F868FFF780FF03461846CD
:108690002037BD4680BD80B58AB000AFF8600B467C
:1086A00087ED010AFB7213463B817B687B61FB7A95
:1086B0003B7610237B763B891B0A9BB2DBB2BB76F1
:1086C0003B89DBB2FB7600233B7702237B770423D5
:1086D000BB777B691B0EDBB2FB777B691B0CDBB2C4
:1086E00087F820307B691B0ADBB287F821307B6971
:1086F000DBB287F8223007F118030B221946F8681D
:10870000FFF744FF034618462837BD4680BD80B4B6
:1087100085B000AF78600B467B807B885B009BB2A6
:108720000333FB81FB8901337A68B2F8022193425B
:1087300001DB00230FE0FB897A6813449B781BB2AE
:108740001B021AB2FB89013379680B449B781BB278
:1087500013431BB29BB218461437BD465DF8047B29
:10876000704780B487B000AF78600B467B807B8811
:108770005B009BB20333FB82FB8A03337A68B2F857
:108780000221934202DB4FF0000327E000233B610C
:10879000FB8A7A6813449B781A063B6913433B6152
:1087A000FB8A01337A6813449B781A043B691343AC
:1087B0003B61FB8A02337A6813449B781A023B6957
:1087C00013433B61FB8A03337A6813449B781A4650
:1087D0003B6913433B613B69FB60FB6807EE903AE2
:1087E000B0EE670A1C37BD465DF8047B704780B564
:1087F00082B000AF78600B46FB701346BB707B689D
:10880000FA781A707B68BA785A70786800F007F8BE
:10881000786800F024F800BF0837BD4680BD80B5F9
:1088200082B000AF78607B680022A3F802217B68E9
:10883000002283F80C217B68002283F80D217B68DD
:108840000022C3F808217B6802334FF480720021B4
:10885000184600F02FFC00BF0837BD4680BD80B52C
:1088600082B000AF78607B681A787B6803F582730A
:1088700019461046FFF71CFD00BF0837BD4680BDF6
:1088800080B582B000AF78607B68B3F80231FF2B0F
:1088900006D97868FFF7C3FF7868FFF7E0FF17E0B5
:1088A0007B68B3F802315A1C91B27A68A2F80211BF
:1088B00019467B6893F804217B680B449A70F8F79B
:1088C00081FB02467B68C3F808217868FFF7C7FF81
:1088D0000837BD4680BD80B588B000AFF860B9608C
:1088E0001346FB80F868FFF79AFFFB681B78184671
:1088F000FFF786FCF861FB69002B01D1012333E00F
:10890000F869FAF7B9FEF8F75DFBB86100BFFB69DB
:10891000D3F88030202B06D0F8F754FB0246BB6911
:10892000D31A092BF3D9FB681B781846FFF780FC94
:108930000A2000F03DFBFA886423B968F869FAF769
:10894000BCFD0346FB75FB681B781846FFF7ECFC83
:108950000A2000F02DFBFB681B781846FFF788FC07
:10896000F868FFF77CFFFB7D18462037BD4680BDC9
:1089700080B582B000AF78607B68B3F80231002B1D
:108980002AD07B6893F80C31002B25D1F8F71AFB1D
:1089900002467B68D3F80831D31A092B1ED97B68AD
:1089A0009A1C7B68B3F8023119461046FFF734FD74
:1089B0000346002B08D07B68002283F80D217B68DA
:1089C000012283F80C210AE07B68032283F80D2141
:1089D0007868FFF724FF02E000BF00E000BF08371F
:1089E000BD4680BD80B584B000AF78607B689B8851
:1089F000FB81FB890A2B0AD87B685A78FB890649D8
:108A000051F8233019461046FFF770FC00E000BF14
:108A10001037BD4680BD00BF78A0000880B582B089
:108A200000AF78600B46FB701346BB707B68FA782A
:108A30005A707B68BA781A707B680022A3F84221CA
:108A40007B680022C3F844217B68002283F8492117
:108A50007B68002283F84A217B6842334FF480729E
:108A60000021184600F026FB7B68023340220021DB
:108A7000184600F01FFBBB789AB27B685A807B686F
:108A800003229A80B1EE0E0A0621786800F015FAEA
:108A900000220D21786800F037FAB7EE080A0E219F
:108AA000786800F00AFA9FED0B0A1021786800F050
:108AB00004FAFB781846FFF7DBFB7B6803F5A4722A
:108AC000FB7811461846FFF7F3FB00BF0837BD4699
:108AD00080BD00BFCDCCCC3D80B582B000AF78600A
:108AE0000B46FB707B68B3F84231FF2B03D97B68E0
:108AF0000022A3F842217B68B3F842315A1C91B29C
:108B00007A68A2F842111A467B681344FA7883F80F
:108B10004220F8F757FA02467B68C3F844217B6885
:108B20005A787B6803F5A47319461046FFF7C0FB1B
:108B300000BF0837BD4680BD80B588B000AF786003
:108B40007B68B3F84231032B40F25481F8F73AFACC
:108B500002467B68D3F84431D31A092B40F24C818A
:108B60007B6893F842207B681B789A4204D07B682C
:108B70000022A3F8422140E17B6803F142027B68B6
:108B8000B3F8423119461046FFF746FC0346002B66
:108B900004D17B680022A3F842212EE17B6893F880
:108BA0004330FB76FB7E102B00F0A980102B00F3E6
:108BB0001781032B02D0062B67D011E17B6893F855
:108BC00044301BB21B021AB27B6893F845301BB2CB
:108BD00013431BB2FB817B6893F846301BB21B0228
:108BE0001AB27B6893F847301BB213431BB2BB81A8
:108BF000FA89BB891344202B05DCBB89002B02D0EA
:108C0000BB897D2B04D90221786800F03BF9ECE0A8
:108C10007B68032283F84320BB89DBB25B00DAB2B6
:108C20007B6883F844200023FB8320E0FA89FB8BD8
:108C300013447A685B0013445B887B817B891B0A41
:108C40009AB2FB8B5B000333D1B27A6813440A46B5
:108C500083F84220FB8B02335B007A89D1B27A68B9
:108C600013440A4683F84220FB8B0133FB83FA8BC3
:108C7000BB899A42DAD3BB895B009BB203339BB2B8
:108C80001946786800F0BCF8AFE07B6893F8443090
:108C90001BB21B021AB27B6893F845301BB2134318
:108CA0001BB27B827B6893F846301BB21B021AB260
:108CB0007B6893F847301BB213431BB23B827B8A1D
:108CC0001F2B04D90221786800F0DCF88DE07B8A44
:108CD0007A685B0013443A8A5A807B8A002B03D15E
:108CE0003B8ADAB27B681A707B8A012B02D17868E2
:108CF000FFF778FE0621786800F082F875E07B685F
:108D000093F844301BB21B021AB27B6893F84530CB
:108D10001BB213431BB23B837B6893F846301BB2F4
:108D20001B021AB27B6893F847301BB213431BB285
:108D3000FB827B6893F848307B753A8BFB8A13443F
:108D4000202B04DD0221786800F09CF84DE07A7D4C
:108D5000FB8A5B009A4204D00321786800F092F805
:108D600043E00023BB831FE0BB8B5B0007337A68C3
:108D7000134493F842301BB21B021AB2BB8B04336C
:108D80005B0079680B4493F842301BB2134319B26D
:108D90003A8BBB8B134489B27A685B0013440A4652
:108DA0005A80BB8B0133BB83BA8BFB8A9A42DBD3DD
:108DB0003B8B002B04D17B685B88DAB27B681A702E
:108DC0003B8B012B07D83A8BFB8A1344012B02DD26
:108DD0007868FFF707FE0621786800F011F804E0D4
:108DE0000121786800F04EF800BF7B680022A3F8EC
:108DF000422102E000BF00E000BF2037BD4680BD39
:108E000080B584B000AF78600B467B807B685B7870
:108E10001846FFF70DFA082000F0CAF87B684233C5
:108E20007A8811461846FFF7D7FA7B685B781846B0
:108E3000FFF7E6F9F860FB68002B09D07B6803F1C7
:108E400042017B8802339AB26423F868FAF735FB53
:108E50007B685B781846FFF767FA082000F0A8F8EF
:108E60007B685B781846FFF703FA7B685A787B6863
:108E700003F5A47319461046FFF71AFA00BF10371E
:108E8000BD4680BD80B582B000AF78600B46FB70F8
:108E90007B6893F8433063F07F03DAB27B6883F832
:108EA00043207B68FA7883F8442003217868FFF731
:108EB000A7FF00BF0837BD4680BD80B487B000AFB4
:108EC000F8600B4687ED010A7B817B891E2B15D844
:108ED0003B1D1B687B617B691A0C7B8991B2FA6828
:108EE0005B0013440A465A807B8901337A6991B248
:108EF000FA685B0013440A465A8000E000BF1C3742
:108F0000BD465DF8047B704780B483B000AF7860E5
:108F10000B467B8013463B807B881F2B06D87B88C3
:108F20007A685B0013443A885A8000E000BF0C372F
:108F3000BD465DF8047B704780B485B000AF7860B3
:108F40000B467B807B881E2B02D94FF0000310E07C
:108F50007B887A685B0013445B881A047B88013342
:108F600079685B000B445B881343FB6007F10C03DB
:108F70001B6807EE903AB0EE670A1437BD465DF8FD
:108F8000047B704780B483B000AF78600B467B8071
:108F90007B881F2B01D9002304E07B887A685B0063
:108FA00013445B8818460C37BD465DF8047B704758
:108FB00080B485B000AF786008E01023FB6000E06B
:108FC00000BFFB685A1EFA60002BF9D17B685A1E5D
:108FD0007A60002BF1D100BF00BF1437BD465DF8A9
:108FE000047B70470CB430B5184B0C1E1D689DB047
:108FF00008DA8B232B604FF0FF301DB0BDE8304006
:1090000002B070474FF40273ADF814304FF0000314
:109010001B9314BF04F1FF332346049307934FF6C9
:10902000FF7302900690ADF81630209A21AB02A98A
:109030002846019300F0E0F9431CBCBF8B232B6052
:10904000002CDAD0029B00221A70D6E758000020CC
:109050000EB410B59DB01FAB029006906FF00041AA
:109060000A48079104910A4953F8042B05910024FA
:1090700002A9006801931B9400F0BEF9029B1C70CA
:109080001DB0BDE8104003B0704700BF580000207D
:109090000802FFFF10B501390244904201D10020BF
:1090A00005E0037811F8014FA34201D0181B10BD51
:1090B0000130F2E702440346934200D1704703F8BF
:1090C000011BF9E7014B1868704700BF58000020EA
:1090D00070B50D4B0D4D5B1B9C100026A64209D1AF
:1090E00000F076FC0A4D0B4B5B1B9C100026A64241
:1090F00005D170BD55F8043B98470136EEE755F8A9
:10910000043B98470136F2E7E0A00008E0A0000821
:10911000E0A00008E4A0000870477047034611F87B
:10912000012B03F8012B002AF9D170470A44914220
:1091300000F1FF3300D1704710B511F8014B03F86F
:10914000014F9142F9D110BD38B50546002941D0F3
:1091500051F8043C0C1F002BB8BFE41800F0E0F8F5
:109160001D4A136833B9636014602846BDE838406F
:1091700000F0DCB8A34208D9206821188B4201BF57
:1091800019685B6809182160EDE71A465B680BB146
:10919000A342FAD911685018A0420BD120680144AB
:1091A000501883421160E0D118685B68536008442E
:1091B0001060DAE702D90C232B60D6E7206821186B
:1091C0008B4204BF19685B68636004BF09182160A3
:1091D0005460CAE738BD00BF100B002070B50F4EB9
:1091E0000C463168054611B900F0ACFB30602146F1
:1091F000284600F0A7FB431C03D14FF0FF34204664
:1092000070BDC41C24F00304A042F8D0211A2846E3
:1092100000F098FB0130F2D1EFE700BF0C0B00200B
:109220002DE9F843CD1C25F0030508350C2D38BF7A
:109230000C25002D064601DBA94204D90C2333601E
:109240000020BDE8F883DFF8D48000F069F8D8F892
:1092500000301C4644BB29463046FFF7BFFF431C85
:10926000044658D1D8F800402746002F43D1002C9F
:109270004BD023683946304604EB030900F062FB0B
:10928000814542D121686D1A29463046FFF7A6FF75
:1092900001303AD023682B442360D8F800305A6854
:1092A00062BBC8F800700FE02268521B20D40B2A62
:1092B00017D96119A342256018BF5960636808BFB8
:1092C000C8F8001062514B60304600F02FF804F1EE
:1092D0000B00231D20F00700C21A1CBF1B1AA3504D
:1092E000AFE76268A3420CBFC8F800205A60EBE702
:1092F00023466468AEE73C467F68B6E71A465B687B
:10930000A342FBD100235360DEE70C2333603046D9
:1093100000F00CF894E70560D6E700BF100B0020C2
:109320000148FFF7F9BE00BF080B00200148FFF716
:10933000F4BE00BF080B00202DE9F0478E681F46E1
:10934000BE4282460C469046334653D8B1F90C00D3
:1093500010F4906F2BD065692368096905EB45050A
:10936000A3EB010905EBD5757B1C6D104B44AB429B
:109370002A4684BF1D462A46430527D51146504636
:10938000FFF74EFF064658B321694A46FFF7CEFE67
:10939000A38923F4906343F08003A3812661656170
:1093A0004E44A5EB09052660A5603E463B461F4698
:1093B00020683A46414600F0ABFAA3689B1BA360C5
:1093C00023683B4423600020BDE8F087504600F04E
:1093D000C9FA06460028E1D121695046FFF7B4FEDC
:1093E0000C23CAF80030A38943F04003A3814FF057
:1093F000FF30E9E73E46DBE72DE9F0471F468B8962
:109400001B069CB006460D46144610D50B6973B971
:109410004021FFF705FF2860286130B90C23336035
:109420004FF0FF301CB0BDE8F08740236B61002394
:10943000099320238DF8293003973023654F8DF849
:109440002A304FF001082346994613F8012B0AB140
:10945000252AF9D1B9EB040A0BD0534622462946F6
:109460003046FFF769FF013000F0A480099A5244AA
:10947000099299F80030002B00F09C8000234FF0F7
:10948000FF32CDE9052309F10109049307938DF813
:1094900053301A934C464F4814F8011B0522F6F737
:1094A0009FFE049BD0B9D80644BF20228DF85320DC
:1094B000190744BF2B228DF8532099F800202A2A3F
:1094C00013D0079A4C4600204FF00A0C214611F8A1
:1094D000013B303B092B49D968B913E0C01B08FA9E
:1094E00000F018430490A146D4E7039A111D1268B6
:1094F0000391002A01DB079204E0524243F0020389
:109500000792049323782E2B0AD163782A2B32D129
:10951000039B1A1D1B68039243EAE373023405930D
:10952000DFF8C090217803224846F6F759FE38B19B
:10953000049BA0EB090040228240134301340493B2
:1095400014F8011B24488DF828100622F6F748FE6F
:10955000002835D0214818BB039B073323F00703AD
:1095600008330393099B034409936CE70CFB023215
:109570000C460120AAE700230134059319464FF059
:109580000A0C204610F8012B303A092A03D9002B87
:10959000C6D00591C4E70CFB012104460123F0E786
:1095A00003AB00932A460E4B04A93046AFF300806C
:1095B000421CD7D1AB895B063FF532AF099831E742
:1095C00003AB00932A46064B04A9304600F07AF814
:1095D000EEE700BFA4A00008AEA000080000000055
:1095E00039930008AAA000082DE9F04716469846CE
:1095F0008A680B69DDF820909342B8BF1346336048
:1096000091F8432007460C460AB1013333602368C2
:10961000990642BF336802333360256815F00605AA
:1096200006D104F1190AE36832689B1AAB4226DCC2
:1096300094F843302268003B18BF012392062BD4D4
:1096400004F1430241463846C84701301ED0236822
:10965000226903F00603042B02BFE5683368ED1AA4
:10966000A3680CBF25EAE57500259342C4BF9B1A89
:10967000ED1800261A34B5421AD1002008E0012363
:10968000524641463846C847013003D14FF0FF30BB
:10969000BDE8F0870135C6E7E1185A1C302081F893
:1096A0004300224494F8451082F843100233C7E780
:1096B0000123224641463846C8470130E6D00136EC
:1096C000D9E700002DE9F0430D7E85B0782D904656
:1096D0000C9E07460C46994601F1430207D8622DBD
:1096E0000AD8002D00F0D780582D00F0BC8004F17E
:1096F000420684F842503BE0A5F16303152BF6D8EF
:1097000001A151F823F000BF619700087597000888
:10971000EF960008EF960008EF960008EF96000815
:1097200075970008EF960008EF960008EF9600087E
:10973000EF9600087D9800089F9700082F98000872
:10974000EF960008EF9600089F980008EF96000833
:109750009F970008EF960008EF96000837980008DA
:1097600033681A1D1B68326004F1420684F84230E7
:109770000123A1E033682068191D3160060601D578
:109780001D6803E04506FBD5B3F90050002D03DA50
:109790002D236D4284F843305B480A2311E0216891
:1097A0003368080653F8045B02D4490648BFADB2DB
:1097B0003360237E54486F2B5CD10823002184F84A
:1097C00043106668A660002E05DB21682E4321F059
:1097D0000401216050D01646B5FBF3F103FB115C88
:1097E00010F80CC006F801CDAC4663450D46F3D920
:1097F000082B0BD12368DB0708D5236961689942E0
:10980000DEBF302306F8013C06F1FF36921B2261D1
:10981000CDF80090434603AA21463846FFF7E4FE00
:1098200001304ED14FF0FF3005B0BDE8F083236822
:1098300043F0200323603548782584F84550236899
:10984000316813F0800F51F8045B03D113F0400F1F
:1098500018BFADB23160D90744BF43F02003236085
:109860001DB11023AAE72848E7E7236823F0200367
:109870002360F6E70A23A1E71646B9E733682568AF
:109880006169181D30602E061B6801D5196002E061
:109890006806FBD51980002323611646B8E73368B4
:1098A0001A1D32601E68626800213046F6F798FC87
:1098B00008B1801B606063682361002384F8433033
:1098C000A6E72369324641463846C8470130A9D049
:1098D00023689B0713D4E068039B9842B8BF1846DF
:1098E000A2E70123324641463846C847013099D0A5
:1098F0000135E36803995B1AAB42F2DCEBE7002524
:1099000004F11906F5E700BFB5A00008C6A00008DD
:10991000884210B501EB020402D98442234607D8DD
:10992000431EA14207D011F8012B03F8012FF8E7DD
:109930000244824200D110BD13F8011D02F8011D3E
:10994000F7E7000038B5064D0023044608462B60B3
:10995000F7F78EF8431C02D12B6803B1236038BDA2
:10996000040B00202DE9F041074614460D4621B9AD
:10997000BDE8F0411146FFF753BC2AB9FFF7E4FBFD
:1099800025462846BDE8F08100F01AF884420646D4
:1099900002D8B4EB500FF4D821463846FFF740FC0C
:1099A000804608B94546ECE7B4422246294628BF1E
:1099B0003246FFF7BBFB29463846FFF7C5FBF1E708
:1099C00051F8043C181F002BBCBF0B58C01870473F
:1099D000F8B500BFF8BC08BC9E467047F8B500BF9C
:0899E000F8BC08BC9E4670476C
:1099E80053454E44494E472E2E2E0000444F4E45B7
:1099F800000000004641494C00000000436C6F2005
:109A0800647500006D672F4C0000000054656D7090
:109A1800203A0000430000004C6F67696E000000A8
:109A2800456E7465722050617373776F72640000BD
:109A380053455454494E4700312E204D6F6462758A
:109A48007320525455000000322E2043616C696225
:109A580000000000332E204F666673657400000016
:109A6800342E205761726E696E670000352E2052C1
:109A7800616E676500000000362E20496E666F72C1
:109A88006D6174696F6E00004D6F6462757320526A
:109A98005455000049443A202020000049443A2007
:109AA80025640000426175643A20202020200000CF
:109AB800426175643A20256C7500000043616C6949
:109AC80062000000436F6E6669726D207A65726F7E
:109AD80020706F696E74000043616C6962207A655A
:109AE800726F20706F696E74000000006D563A2521
:109AF8006325642E25303264000000004F666673CB
:109B080065740000496E746572636570743A202547
:109B180064206D5600000000536C6F70653A202574
:109B280064206D562F70706D000000005761726ED2
:109B3800696E67004F4E00004F4646004D6F6465E2
:109B48003A2025730000000055707065723A202590
:109B5800642E2564256400004C6F7765723A2025D1
:109B6800642E2564256400004D6F64653A2020202A
:109B7800000000004D6F64653A202020200000009E
:109B880052616E676500000052616E67653A302D5C
:109B980025642070706D0000496E666F726D617487
:109BA800696F6E0053616F2056696574000000008C
:109BB800467265652043686C6F72696E6520524312
:109BC8003638000054583A20000000003031323353
:109BD80034353637383941424344454600000000A1
:109BE800525820282564293A20000000000000006F
:109BF8000000000001020304060708090000000035
:109C080001020304A0860100400D0300801A06002B
:109C180000350C0040420F0080841E0000093D0002
:109C280000127A000024F40000366E010048E801B2
:109C3800006CDC0260090000C012000080250000F2
:109C4800004B00000096000000E1000000C2010087
:109C580000F4010000E80300A000500028001400F0
:109C68000A00050002000100000000000000005F7B
:109C780000000007000700147F147F14242A7F2A9D
:109C88001223130864623649552250000503000068
:109C9800001C2241000041221C00082A1C2A080836
:109CA800083E08080050300000080808080800604E
:109CB80060000020100804023E5149453E00427FE2
:109CC800400042615149462141454B311814127FE9
:109CD8001027454545393C4A494930017109050372
:109CE8003649494936064949291E003636000000DA
:109CF800563600000008142241141414141441228A
:109D08001408000201510906324979413E7E1111B9
:109D1800117E7F494949363E414141227F414122D6
:109D28001C7F494949417F090901013E414151329E
:109D38007F0808087F00417F41002040413F017FA4
:109D4800081422417F404040407F0204027F7F0484
:109D580008107F3E4141413E7F090909063E4151B5
:109D6800215E7F09192946464949493101017F0188
:109D7800013F4040403F1F2040201F7F2018207F88
:109D880063140814630304780403615149454300CC
:109D9800007F4141020408102041417F0000040275
:109DA8000102044040404040000102040020545495
:109DB80054787F484444383844444420384444481C
:109DC8007F3854545418087E090102081454543C2E
:109DD8007F0804047800447D40002040443D000092
:109DE8007F10284400417F40007C041804787C08D8
:109DF80004047838444444387C14141408081414AF
:109E0800187C7C080404084854545420043F4440F7
:109E1800203C4040207C1C2040201C3C4030403CE2
:109E280044281028440C5050503C4464544C44007E
:109E38000836410000007F0000004136080008088D
:109E48002A1C08081C2A0808060000000000000058
:109E5800000F00000F00000F00000F0000000000BE
:109E680000000000000000000000000000000000EA
:109E78000000000000000700001E00E01F00FF1F98
:109E8800F8FF03FF1F00FF01000F000000000000A3
:109E980000000000000000000000000000000000BA
:109EA800000000000E000000C07F00F8FF01FCFF6A
:109EB80007FCFF073E800F0E000E0E000E0E000E70
:109EC8001E800FFCFF07FCFF07F8FF01C07F0000A2
:109ED80000000E00000070000E38000E38000E1C46
:109EE800000E0E000EFEFF0FFEFF0FFEFF0FFEFF1F
:109EF8000F00000E00000E00000E00000E00000013
:109F08000E00000060000F78800F7CC00F7CE00F0F
:109F18001EF00F0EF80E0E7C0E0E3E0E1E1F0EFECD
:109F28000F0EFC070EF8030EF0010E0000000E00E5
:109F380000003080013880033C80073C800F1E0001
:109F48000F0E0E0E0E0E0E0E0E0E1E1F0FFEFF0F24
:109F5800FCFB07FCF903F0E0010000000F00000023
:109F680000F00000F80000FE0080EF00C0E700F0FD
:109F7800E1007CE0003EE000FEFF0FFEFF0FFEFF69
:109F88000FFEFF0F00E00000E0000E000000008060
:109F980001F88703FE8707FE870FFE070F0E030EE3
:109FA8008E030E8E030E8E070F8EFF070EFF070E11
:109FB800FE0300FC000000000E000000C07F00F05F
:109FC800FF01F8FF07FCFF073E0E0F0E070E0E07F6
:109FD8000E0E070E1E0F0F3EFF0F3CFE0738FE0346
:109FE80030F8010000000E0000000E00000E000016
:109FF8000E00000E000F0EE00F0EF80F0EFE0F8E73
:10A00800FF00CE0F00FE0300FE00003E00001E0011
:10A01800000000000E000000F0E001F8FB03FCFB6C
:10A0280007FEFF0F1E1F0F0E0E0E0E0E0E0E0E0E4B
:10A038001E1F0FFEFF0FFCFB07FCFB03F0E00100F7
:10A0480000000E000000F08301F88703FC8F07FE74
:10A058009F0F1E1E0F0E1C0E0E1C0E0E1C0E1E8EAB
:10A068000FFCFF07FCFF03F8FF01C07F00000000A2
:10A07800B004000060090000C01200008025000044
:10A0880040380000004B000080700000009600007F
:10A09800C0DA000000E1000000C20100232D302BCF
:10A0A8002000686C4C0065666745464700303132D1
:10A0B8003334353637383941424344454600303128
:10A0C8003233343536373839616263646566000087
:08A0D800F860FF7F01000000A9
:04A0E000B5010008BE
:04A0E40091010008DE
:10A0E80000093D0010000000010000000001000010
:10A0F80000000000C80000007D56000801010000B3
:10A10800000000001400000045580008020100008B
:10A118000000000032000000A55200080100010004
:10A128000201000000070500010500000001000011
:10A1380001050000000100005C0000200000000094
:10A14800CC090020340A00209C0A002000000000EE
:10A1580000000000000000000000000000000000F7
:10A1680000000000000000000000000000000000E7
:10A1780000000000000000000000000000000000D7
:08A188000000000000000000CF
:0400000508000EA140
:00000001FF
